label,area,perimeter,solidity,extent,mean_intensity,max_intensity,min_intensity,eccentricity,major_axis_length,minor_axis_length,orientation,circularity,intensity_std,glcm_contrast,glcm_homogeneity,glcm_energy,glcm_correlation
1,762.0,105.94112549695427,0.9633375474083439,0.8141025641025641,119.30839895013123,255.0,12.0,0.7061850120332992,37.446908840746765,26.513435643616493,1.3151324965931126,0.85317018553424,57.8628404259681,1271.9157608695655,0.04178679394479747,0.028272625063430454,0.806814460880593
2,1191.0,126.08326112068522,0.9810543657331137,0.8470839260312945,106.0369437447523,255.0,9.0,0.2546686841209049,39.66356636310674,38.35579378378277,-0.04815193923547293,0.9414705924093209,50.464977958966934,1125.8915871639201,0.039729844416543245,0.02320743826584502,0.7741296361737053
3,1177.0,128.3259018078045,0.9743377483443708,0.7974254742547425,88.41546304163127,206.0,8.0,0.5798869512289822,43.03306647419344,35.05890809692225,-0.3589442433493794,0.8981682048705937,34.96088162971293,937.0941901408452,0.04373646228522058,0.02442682557308382,0.6044095946161177
4,697.0,103.84062043356595,0.9694019471488178,0.7576086956521739,145.64705882352942,255.0,18.0,0.8223065054394639,40.011962100509656,22.768599909959562,1.3824828403338583,0.8122843641716612,54.90925311957953,1337.26706231454,0.04755906940291289,0.030873370989146606,0.7694212624880107
5,395.0,80.52691193458118,0.9404761904761905,0.7078853046594982,73.9620253164557,167.0,9.0,0.7726532609652974,29.112273049189806,18.481294071520832,1.537531766651205,0.7654641747885597,29.52271943752304,725.4429708222813,0.06956833723696501,0.04100696242371434,0.5715504732955894
6,1023.0,121.7401153701776,0.9623706491063029,0.78996138996139,101.58944281524927,252.0,16.0,0.3018425726796722,37.24664944499355,35.509383117792844,1.4664216927516327,0.8673973275598655,45.45417128468328,1022.4716024340771,0.04208713251339334,0.02508989224513789,0.7473579479535079
7,1102.0,124.42640687119285,0.9709251101321585,0.8348484848484848,82.93647912885662,221.0,11.0,0.5617010108497669,41.40181511517912,34.25339019814393,-0.009514646996467046,0.8944711522952582,40.55199384325458,826.0753295668551,0.04829099447305206,0.02600984428800967,0.7471499736198861
8,888.0,114.08326112068522,0.961038961038961,0.7708333333333334,99.78603603603604,231.0,17.0,0.5293307074760699,36.786774928732484,31.210473111847925,-1.3517560610286,0.8573911085872167,48.0426723191609,1032.2444444444445,0.040822730612054006,0.02647773432203923,0.7726142084414424
9,416.0,87.14823227814082,0.9327354260089686,0.6797385620915033,79.95673076923077,178.0,12.0,0.8651126249558694,33.71550748158256,16.91094525189543,-1.5629494709416685,0.6883130920228812,32.61139272502749,768.7017543859648,0.05695886237873701,0.0398251844162173,0.6300395548854659
10,956.0,114.32590180780451,0.9676113360323887,0.7804081632653062,105.64748953974896,255.0,12.0,0.32746704617999206,35.92723715020423,33.94630271952834,0.5462238357270226,0.9191332659552454,48.74725830692799,1011.4929424538543,0.040494763385411456,0.025289499888929673,0.7791140895994765
11,354.0,76.2842712474619,0.9698630136986301,0.7612903225806451,91.82485875706215,203.0,25.0,0.8597557586442931,30.390602624480174,15.520645758874707,-1.5687765211361406,0.7644395050069387,39.99552027326565,1132.061946902655,0.03033440182996785,0.040660910773127494,0.639427865300426
12,645.0,94.28427124746192,0.9832317073170732,0.885989010989011,120.93798449612403,243.0,18.0,0.42104982607886887,30.362821663356854,27.540218148262927,0.3836032213121477,0.9117821409070559,43.837146107878425,1182.5235008103728,0.039604430774525815,0.030751484539724917,0.6788290625505782
13,1627.0,153.0538238691624,0.9719235364396654,0.7822115384615385,92.15918869084204,255.0,0.0,0.667687453517764,52.954515340209895,39.42155012377556,1.259184071328216,0.8727885660500223,48.426842220050844,925.1305170239593,0.04404921624760519,0.021562391648879686,0.801242399716035
14,1286.0,140.08326112068522,0.9720332577475435,0.7691387559808612,110.33670295489891,255.0,17.0,0.48132628986493187,44.283234690010495,38.81609299697965,-1.1400257911339717,0.823527954087988,55.60078492528988,1127.511217948718,0.04597693787909807,0.022485921795516475,0.8145839793230669
15,339.0,70.87005768508881,0.9769452449567724,0.7847222222222222,99.42772861356931,206.0,22.0,0.7872361486602811,27.015296148062685,16.659026699493637,1.5465182736376324,0.8481721139622008,37.00988384891826,994.3622291021672,0.036235148580196753,0.0414213255735593,0.6365481117303476
16,635.0,93.59797974644667,0.9709480122324159,0.7839506172839507,133.51653543307086,255.0,35.0,0.34971079467456695,29.675242057154808,27.80147917960017,1.295042767955992,0.9108579214027168,46.40324072951695,1443.467105263158,0.03813871010045059,0.030416516462017974,0.6513778737469935
17,741.0,103.01219330881975,0.9698952879581152,0.7841269841269841,158.1889338731444,255.0,35.0,0.6655466107368939,35.84996279535443,26.756845164071688,1.472647273543638,0.877507432617302,56.165957450454464,1331.9033613445376,0.05638255929370534,0.04382209480997763,0.7809797685408258
18,576.0,96.18376618407356,0.9795918367346939,0.715527950310559,92.39930555555556,184.0,20.0,0.7785763026653492,35.2239703513918,22.104800866016568,1.1787726292048124,0.7823999080163668,30.965318854162785,964.5443037974684,0.03509293316345083,0.033830536950939794,0.4914177136642316
19,663.0,96.76955262170048,0.9793205317577548,0.7892857142857143,116.90346907993967,243.0,26.0,0.6083419830540948,33.1599488117311,26.31822291689594,0.8699362151209462,0.889704784233239,41.59496978414658,1268.7795275590552,0.03778087353009249,0.03033285084135153,0.622471734095045
20,648.0,95.01219330881975,0.9759036144578314,0.7854545454545454,155.70833333333334,255.0,32.0,0.6690067441259899,33.5699788340706,24.951099361889817,-1.3017685957931402,0.9020408022381139,58.67813275734742,1484.6356340288928,0.04572569815910233,0.036142312196461336,0.777311538444222
21,606.0,97.84062043356595,0.9513343799058085,0.7426470588235294,80.28382838283828,175.0,19.0,0.6939645413077618,33.40785662794477,24.05396336630467,-1.5167335050149438,0.7955071586646841,26.327061380280227,826.1032702237519,0.037154219868074184,0.03315208310543583,0.3930637093971929
22,1096.0,127.01219330881975,0.969053934571176,0.8100517368810052,77.97992700729927,200.0,6.0,0.6650051088368414,43.72835144234032,32.6580298695214,-0.13751831094905556,0.8537477787701482,35.673007522328454,792.321327014218,0.04120307894111045,0.025398599065354053,0.684278567095531
23,286.0,69.4558441227157,0.9255663430420712,0.6485260770975056,77.32517482517483,131.0,19.0,0.8238823141335672,25.761378935808757,14.600542644737153,0.6266950858343455,0.7450034939100723,19.460086347027648,653.4113207547168,0.04650850834656213,0.04920152758643507,0.12046362948896819
24,683.0,98.1543289325507,0.9646892655367232,0.6898989898989899,68.79648609077599,161.0,1.0,0.5020713708027683,31.861260605941816,27.55445261309754,0.8592320470905991,0.8908644963377345,29.013065960653226,692.3537519142419,0.046464912487694056,0.032485763301066506,0.5817932328168477
25,1112.0,136.78174593052023,0.8982229402261712,0.5914893617021276,77.31205035971223,182.0,16.0,0.5875144113725023,42.7452092693486,34.59000906004704,-0.3681825507894676,0.7468929591485345,27.94571302313764,767.8291079812207,0.049965132518030926,0.027415589334566073,0.5024347078015553
26,1058.0,122.46803743153546,0.9742173112338858,0.7168021680216802,66.06805293005671,160.0,8.0,0.7090467756489515,43.83918571784812,30.913703748211727,0.5831484894545462,0.8864413677908064,29.31890846149256,686.7266470009833,0.06668907911451284,0.02768953360929936,0.5922534002258854
27,617.0,100.66904755831214,0.9477726574500768,0.6878483835005574,31.145867098865477,79.0,2.0,0.8546693229780578,39.41935928780525,20.46545731721306,-0.279679452165135,0.7650734103922817,15.38753162780177,264.35467128027676,0.05961379622876841,0.04150446552212856,0.44079041661201873
28,522.0,92.76955262170047,0.9666666666666667,0.725,98.87164750957854,193.0,12.0,0.8221900262782597,35.02630099514401,19.937429601024416,-0.027776062969655794,0.7622008742277883,36.95333083414565,974.7078189300411,0.03562011459944435,0.03443045376683438,0.6259878432172935
29,1195.0,134.22539674441617,0.9644874899112187,0.734029484029484,115.19748953974896,255.0,16.0,0.5382479613248357,42.79447198002995,36.066604466563376,-0.08583255963727313,0.8335053209855139,56.831935983850535,1181.7417391304343,0.04574277772298948,0.02351044492973178,0.8133087679949674
30,771.0,101.84062043356595,0.9734848484848485,0.8056426332288401,50.76394293125811,135.0,2.0,0.4950164260292405,33.63696937328643,29.226611576625977,-1.3433205940459343,0.9341619400740667,26.234180276949527,529.3396226415094,0.059700866004284925,0.032568857071683485,0.6085540758619449
31,658.0,93.84062043356595,0.9705014749262537,0.7861409796893668,30.735562310030396,78.0,0.0,0.5074526138182672,31.216443749372573,26.898574786192345,0.2886289399658288,0.9389749724153178,14.492005334141306,324.4456869009585,0.06723918921754363,0.041487440617318065,0.22669588880979447
32,1747.0,156.12489168102783,0.9732590529247911,0.7743794326241135,62.254149971379505,219.0,1.0,0.2195811457337464,47.84173732486823,46.67412334898968,1.3640067584037643,0.900655009355227,37.78812348754822,696.9588235294119,0.05284945622421116,0.02358449434909348,0.7560920438944996
33,1746.0,157.6812408671319,0.9754189944134078,0.7126530612244898,71.1368843069874,177.0,8.0,0.6047082902162474,53.14273644765751,42.32537501509316,0.8529489960479476,0.8824580018192733,26.956057371387317,728.9664113140836,0.05263280762799326,0.023706885904409475,0.48980853829172927
34,1740.0,154.02438661763952,0.9802816901408451,0.7555362570560139,75.1448275862069,255.0,2.0,0.4267674207956623,49.579404785362605,44.83770065576514,-1.0555985364997353,0.9216799422627441,41.61761828128869,808.971647962197,0.045318173686982106,0.023013301522478623,0.7664760356865453
35,1384.0,144.53910524340094,0.9671558350803634,0.6888999502239921,67.91401734104046,255.0,8.0,0.7408191220271011,51.49354847005243,34.58845179759089,0.5329886510248908,0.8324827252633394,32.366854523142074,710.010486891386,0.05795273235457488,0.02620117218335986,0.6622723178961152
36,1198.0,142.46803743153546,0.9366692728694292,0.6582417582417582,61.13272120200334,196.0,4.0,0.7750504290345637,50.28856180789964,31.777311266609306,0.10364565518485414,0.7417060109365514,27.879928235885604,646.8481675392668,0.05012409360843371,0.027232960792892204,0.5730559391543785
37,1141.0,127.39696961966999,0.9661303979678239,0.7521423862887278,55.685363716038566,184.0,4.0,0.4590079288707243,40.51404658806028,35.99398233809006,0.2695952931394984,0.8834405168602043,27.13200188628977,576.8899999999999,0.053525846603172327,0.029331392372548507,0.6124201018549494
38,1603.0,156.02438661763952,0.9679951690821256,0.685042735042735,75.9195258889582,193.0,4.0,0.5112638536880517,49.35256042492324,42.41476513225709,-0.05071478519239964,0.8274817391808852,31.305256762411265,800.3726627981948,0.049460574246988534,0.02370261308143365,0.5859953563715825
39,386.0,92.01219330881975,0.9323671497584541,0.6185897435897436,27.83419689119171,85.0,0.0,0.9113610117030745,36.52335475921136,15.033303261389234,-0.1435582746926333,0.572936383477418,15.258004660515123,308.62790697674416,0.08101906702751667,0.04950403013350698,0.34298321069861565
40,478.0,100.18376618407356,0.8770642201834863,0.5975,58.91422594142259,152.0,9.0,0.936310606289057,43.422856257729606,15.248933007914875,-1.3277607882876632,0.5984709199845576,25.229469190100343,594.7227074235809,0.04693321862825589,0.038535726189351076,0.5193163020610404
41,1517.0,155.9827560572969,0.9668578712555768,0.7735849056603774,65.10019775873434,196.0,9.0,0.7017015129481199,53.26971177007162,37.95312709065775,0.2148134828889293,0.7835058899151317,30.084749222076333,696.3633879781421,0.04333751497101779,0.02479329427989281,0.6177004873134113
42,687.0,106.5685424949238,0.9410958904109589,0.6155913978494624,52.0509461426492,153.0,0.0,0.8139876693579544,39.466195416133914,22.92520851170327,0.5226120042370835,0.7601661888414767,24.816567718189997,449.55076923076933,0.06022236658144529,0.0354347470962493,0.6297559093329346
43,2006.0,173.4386001800126,0.9695505074915418,0.7143874643874644,85.63958125623131,255.0,5.0,0.6216727911810909,57.335750766126615,44.909777853158374,0.874176975702954,0.8380101393496997,40.29293544387248,926.1299897645855,0.04322155856267026,0.020844843249146674,0.7128917380436821
44,1437.0,154.50966799187808,0.9466403162055336,0.6245110821382008,80.23729993041057,255.0,2.0,0.7513773717166119,53.55387416254569,35.33874217944712,0.049516174177915706,0.7564066067953653,48.4496745891715,794.0921625544269,0.05296275960930612,0.0253472412141843,0.833998041769837
45,2054.0,168.75230867899737,0.9827751196172249,0.7322638146167558,83.15920155793573,255.0,15.0,0.5362880490665941,55.87481956091987,47.16030489052342,0.9871569353798755,0.9063811337401009,39.83597663683904,850.4792810783824,0.054455338056466324,0.02123725317539012,0.7322986627560475
46,898.0,119.9827560572969,0.9286452947259566,0.6578754578754579,39.70824053452116,115.0,0.0,0.7390059211158276,42.09167454391508,28.35711611065971,0.5151138532110602,0.7838781037771843,19.504940811444573,406.6756126021004,0.06467611580433141,0.03386913716149357,0.44768813887528586
47,1628.0,151.6812408671319,0.975434391851408,0.7178130511463845,87.28378378378379,255.0,6.0,0.5995193773667967,50.95631831738201,40.78341123406205,-0.004091322600559687,0.8892021801723118,36.34981295211155,900.1404066073698,0.042036518964251854,0.023343294880398775,0.6568022708321748
48,1909.0,173.3380951166243,0.9545,0.6674825174825175,40.06600314300681,177.0,0.0,0.7278176259928524,60.319665284699276,41.365461298909025,0.8232147311342639,0.7984132822661547,25.19495159676481,461.99945711183494,0.06374164223326041,0.027920501347717244,0.6372724554940622
49,1001.0,119.39696961966999,0.9671497584541063,0.7398373983739838,26.925074925074924,85.0,0.0,0.6141669380775651,40.295876210165694,31.800543847012314,0.2788402305521862,0.8823834076776228,13.962321948200286,266.96631578947364,0.09302780070144749,0.03781424199302327,0.28966333139135747
50,1493.0,151.4386001800126,0.9342928660826032,0.6653297682709447,68.71064969859344,250.0,2.0,0.6018886161635808,49.5087039161074,39.5366631704807,-0.18418236102825636,0.8180813622970071,39.56466893467085,655.6914008321778,0.05016048966045543,0.025162000771881746,0.7919644603637246
51,956.0,129.3319984622144,0.9113441372735939,0.5857843137254902,56.43200836820084,155.0,5.0,0.7731184901823727,45.01506946879556,28.55133079815005,0.30623969215830993,0.7182171635647802,25.706310797057384,558.6773127753304,0.054741048160254505,0.030181034374547847,0.5775938023910833
52,2128.0,184.71067811865476,0.9743589743589743,0.7794871794871795,84.92528195488721,234.0,1.0,0.8370524889429676,70.90514297160894,38.79380561378461,0.006021038728453794,0.7837859645846338,30.281131993499173,887.9854227405247,0.04112340924360139,0.02168971245934465,0.51229569264077
53,2049.0,177.78174593052023,0.9738593155893536,0.7302209550962224,81.34895070766227,253.0,9.0,0.7460864185901421,63.69322125869271,42.41007558288864,0.3460969344088316,0.8146620553107872,36.33718710277033,859.9502012072435,0.050325518194634745,0.021403405745868496,0.6743494671040663
54,2442.0,196.0243866176395,0.9705882352941176,0.7602739726027398,40.11056511056511,128.0,0.0,0.8182678533211546,74.24255052095945,42.67737429044978,-0.0975480109682301,0.7986110526798923,22.747358545793205,411.5095298602287,0.07049471810856348,0.026231009604720055,0.5993024361810662
55,2848.0,204.55129855222071,0.9776862341228973,0.7037311588831233,66.10147471910112,255.0,0.0,0.6414554270866488,69.04937537701848,52.97193994150044,-0.47597253490184266,0.8553529690974253,42.96680058930829,690.4117435158502,0.05067609550736297,0.02111731568761821,0.8144605891228229
56,1262.0,154.46803743153546,0.9293078055964654,0.6566077003121749,57.80427892234548,219.0,4.0,0.8979268540630246,62.53887666128615,27.526155661580706,0.16970848269032263,0.6646483967326366,30.421558177977754,635.6933333333332,0.054072000246583304,0.027252675709613046,0.6590762461003231
57,2262.0,180.06601717798213,0.9796448679081854,0.7222222222222222,88.56498673740053,255.0,16.0,0.6539515828603474,61.80715815296949,46.75936503559131,0.5959060909461532,0.8766756566007895,34.948882381703584,920.4589196550161,0.04541000644986972,0.020484610475799053,0.6213353475781219
58,791.0,113.39696961966999,0.936094674556213,0.6591666666666667,19.59544879898862,91.0,0.0,0.7425043720497971,39.09287309273811,26.186017732088345,0.23181575547131086,0.7730070413815857,14.898414700097332,198.87186629526462,0.11864270380650516,0.05125840172584385,0.5589559771358121
59,561.0,95.76955262170046,0.9257425742574258,0.7622282608695652,40.2602495543672,97.0,5.0,0.6953129422743033,32.06711389136327,23.046862803134335,0.15606336512551952,0.7686308438167572,15.303000507634215,380.5265151515151,0.060803052657800345,0.04283402605264637,0.17675001775558483
60,2881.0,235.33809511662426,0.9455201837873318,0.6884109916367981,53.08781673030198,159.0,2.0,0.9149619330313471,96.43976602899804,38.91731865800198,-0.12502145611841853,0.6536852035131576,21.84592145130662,516.9332855093256,0.053237229721926446,0.023846155148629356,0.4550681200158519
61,1756.0,162.61017305526642,0.9755555555555555,0.7208538587848933,90.01708428246013,255.0,9.0,0.7009433535615192,56.74372096111888,40.47058348935235,0.07594864692852764,0.8345242316451127,48.852548163976316,945.9935217903416,0.0512794241938238,0.021845979965832048,0.8020611555420111
62,1926.0,179.1370849898476,0.9668674698795181,0.6253246753246753,76.1656282450675,255.0,8.0,0.8044082442354277,64.82407750467605,38.51048774546855,0.2142410920216963,0.7542149575543236,39.201387570209995,823.109375,0.054950177023389106,0.02233880651037487,0.733859365851456
63,1137.0,137.1543289325507,0.959493670886076,0.6958384332925337,66.04045734388743,187.0,9.0,0.6536850544136315,45.03771779700845,34.08304541221836,1.3838775375404913,0.7595411181011846,29.151231834502926,687.2056414922658,0.046070518852178693,0.02720639924972894,0.5833082362744404
64,1910.0,165.58073580374355,0.9820051413881749,0.6935366739288308,50.29685863874346,200.0,0.0,0.7134731889501345,59.074783197908836,41.392668584125964,0.7610377861018253,0.8754344137374149,33.74080973303323,554.7413606911447,0.062000986467091374,0.02505422841926605,0.7576626677207261
65,1699.0,160.8528137423857,0.9507554560716285,0.6864646464646464,76.30135373749265,215.0,12.0,0.6400295517330193,53.77960037614358,41.321571711865886,-0.19953004180501563,0.8251747273538691,28.491066171882665,762.8619221411192,0.04996594546496314,0.023412566002333005,0.5218088062428737
66,1922.0,175.5685424949238,0.9663147310206134,0.7822547822547823,52.53225806451613,247.0,1.0,0.7534644424938669,61.82522331931116,40.649383040181874,0.15540050188233764,0.7835556377732108,33.99314753129353,519.8203335126412,0.06580975363229805,0.02678567940725847,0.776994816419919
67,1505.0,161.88225099390857,0.9697164948453608,0.7355816226783969,13.438538205980066,60.0,0.0,0.892574382688425,65.38131019524329,29.480444466385187,0.13493974968503972,0.7216853587214499,9.875455825605746,133.34001542020047,0.13472237478092186,0.05685643504884077,0.2758789924802857
68,1892.0,180.61017305526642,0.9087415946205571,0.7007407407407408,72.93498942917547,255.0,6.0,0.744152342774398,61.57809831274986,41.13478225720444,1.5590090907065919,0.728864131686458,36.33581192392893,756.7223427331887,0.046932504010153295,0.023359823799826297,0.7134054177106869
69,2182.0,175.19595949289334,0.97847533632287,0.7812388113139993,94.42804766269478,255.0,11.0,0.5645276459371237,58.12105595355924,47.97394262906579,-0.223787195172849,0.8933392968403683,40.76208161582187,964.5002352941173,0.0468878424830027,0.020960995248301258,0.7092290315305498
70,1695.0,159.5685424949238,0.9597961494903737,0.7676630434782609,52.63834808259587,215.0,2.0,0.5163128796638718,50.77757878861044,43.485919965555524,-1.16221348413861,0.8365367218898134,28.94755004000108,546.7665251667679,0.060244806117399005,0.027099942961193856,0.6731896927821542
71,2589.0,201.58073580374355,0.9725770097670924,0.7309429700734048,83.91270760911549,255.0,13.0,0.8052194925323218,74.77723343211706,44.34116985879442,-0.14099406732410572,0.8006521279141794,33.08890065316141,918.1500796178342,0.04617639756191477,0.020403769154043783,0.5753368512459888
72,1815.0,170.50966799187808,0.9784366576819407,0.6859410430839002,25.214325068870522,105.0,0.0,0.827182270437589,64.73357650572804,36.37597863690236,0.40403612682113094,0.78449192182228,14.38191448361064,256.9519675925926,0.07401565932512277,0.03626722767750808,0.35668254718316494
73,2176.0,172.2670273047588,0.9832806145503841,0.7757575757575758,80.76240808823529,255.0,8.0,0.3448679337448089,54.37548475474363,51.039614971837395,-0.07322854887340528,0.921434430463019,38.23653024185648,838.5572842998585,0.0421486814923822,0.021388583163062247,0.7126936886135166
74,1917.0,174.40916292848976,0.9438700147710487,0.6498305084745762,78.12780386019823,255.0,8.0,0.7334017459107379,60.57618843449131,41.179418401311516,0.5409081323484752,0.7919420099332544,41.73460931950572,809.4892357373518,0.04160659218367817,0.021619157985355148,0.769808735082273
75,1697.0,165.36753236814712,0.9603848330503678,0.6766347687400319,84.12197996464349,240.0,9.0,0.6672019651639364,55.00696060313568,40.973412133485034,-0.386279936974747,0.7798143354309398,36.46677155043102,854.8353658536583,0.047611261540791885,0.02234986927818445,0.6745162403662925
76,2511.0,202.06601717798213,0.9573008006099886,0.7219666474985624,74.89406610911988,255.0,0.0,0.835989540756764,76.7104256214212,42.09449135521411,-0.27408987999113354,0.772805161370136,48.301645038393715,768.5156378600823,0.057693623071488884,0.02029645316157645,0.8362091372077342
77,2548.0,206.20815280171308,0.9629629629629629,0.6553497942386831,71.43916797488227,239.0,4.0,0.8640530674925894,80.56985430642308,40.55892360125683,-0.2583650012078363,0.7530045907536845,30.030789871081424,780.0839075800567,0.047484688078079366,0.021517972338852043,0.5639653909778575
78,2137.0,173.1959594928933,0.9811753902662994,0.7914814814814815,58.64436125409453,187.0,0.0,0.6598392194485951,60.252459853577264,45.27410906871809,0.1855195264977365,0.8952387537660462,28.53450418582873,610.8134939759037,0.050682416826164554,0.023429320983000945,0.6242248799514463
79,1633.0,151.88225099390854,0.9720238095238095,0.7732007575757576,47.44458052663809,237.0,0.0,0.42849224554658216,48.15108178394296,43.506691265891135,-0.18962934343276686,0.8895738311780514,32.47791877449406,477.9551484523057,0.06452230844382796,0.027379447798824175,0.7710502937236833
80,1330.0,152.8528137423857,0.9300699300699301,0.59375,83.1593984962406,212.0,9.0,0.7047901529428885,49.853554744632945,35.366901636523494,0.06623179153662298,0.7153434906155265,26.378366157553288,824.3681318681316,0.0437960873872366,0.025233983368412094,0.39488338456936584
81,816.0,106.66904755831214,0.9656804733727811,0.7741935483870968,18.127450980392158,94.0,0.0,0.47442233604570166,34.5100106795841,30.379071393560626,-1.5247671290361107,0.9012041607472508,17.401781274964776,199.10683760683762,0.12514551159396514,0.051852634539035034,0.6828796404925949
82,1228.0,140.22539674441617,0.9460708782742681,0.7223529411764706,37.54397394136808,136.0,0.0,0.768355466904513,50.20526993143975,32.1325445758785,1.4047154233898522,0.78479255773255,22.728439069016133,441.0859574468085,0.06864261733194045,0.030233735605670827,0.5670482821968997
83,2382.0,264.16652224137044,0.8044579533941236,0.5750845002414292,61.90470193115029,241.0,0.0,0.9398438276886162,104.3150953698304,35.63449761930866,-0.13749164623504784,0.42893952221868414,40.75144997156801,665.0387494495817,0.057221771992084065,0.022992469380101587,0.8001098500393958
84,2429.0,187.8233764908628,0.9774647887323944,0.7216280451574569,103.9687114038699,255.0,11.0,0.6634187828971628,64.51837800748547,48.275766664856974,0.04731309481695632,0.8652429945042794,48.92170176189525,1118.2251375370292,0.051526522062930284,0.026514519990713022,0.7626340000114112
85,2055.0,168.0243866176395,0.9804389312977099,0.7949709864603481,89.63406326034064,255.0,4.0,0.5144033012500536,55.26863329232601,47.39552757697667,0.023667287022645162,0.9146965750084877,34.780023460434975,986.2644999999998,0.044097669032918736,0.021266170318136733,0.5802673367926713
86,2269.0,179.095454429505,0.9763339070567987,0.7523209549071618,110.05200528867343,255.0,13.0,0.5483872977156272,58.860024593334494,49.220193132906054,0.45905712775134894,0.8889456996428131,47.6866233121595,1136.7734056987788,0.04508709927883411,0.019234039959262702,0.7468931540787644
87,2080.0,175.9827560572969,0.9746954076850984,0.8,69.21298076923077,223.0,4.0,0.6543059100250848,59.46885248037693,44.97212886453114,-0.7938291265841819,0.8439815819847949,33.366990896687554,733.6891625615764,0.04982516406098696,0.0214271558334301,0.6668033398969416
88,1291.0,141.67514421272202,0.9677661169415293,0.7232492997198879,38.04802478698683,160.0,0.0,0.8096040422888715,53.08096503645844,31.15727379061053,0.32735326274298604,0.8082557064733834,22.360212507481027,389.45189975747775,0.07508812936529663,0.031455257006214585,0.6096323534795773
89,1870.0,175.78174593052023,0.9664082687338501,0.7192307692307692,37.380748663101606,190.0,0.0,0.824212148596281,65.6986075608142,37.2038826520139,0.3702403351888487,0.7605082385225913,23.665820780955283,438.6385341476956,0.07524047964252646,0.031382514157187257,0.6114937756714236
90,2680.0,205.4386001800126,0.9741912031988368,0.7990459153249851,69.53246268656716,255.0,2.0,0.8318901444198821,78.60846857380925,43.62301074877132,0.018149926810025446,0.7979589747420598,46.713924446772374,781.6525749423521,0.04852898328887808,0.020985055136181312,0.8226642871454121
91,2194.0,208.09545442950497,0.8651419558359621,0.6133631534805704,71.79170464904284,255.0,0.0,0.8746507366307442,78.53962165501396,38.072367272327256,-0.22949284119299052,0.6366801351725463,41.29525394817003,786.9811320754716,0.056295622774773325,0.022127116657233804,0.7699024072770015
92,1167.0,128.46803743153546,0.9684647302904564,0.731203007518797,15.171379605826907,72.0,0.0,0.5300143549837001,42.0412398738114,35.650495062513315,0.18887677556465962,0.8885677380327887,11.076803002823262,169.2909952606635,0.1097653680247156,0.051838896355925375,0.28159641768439153
93,2263.0,178.02438661763952,0.9826313504125054,0.7827741265997925,70.46928855501547,217.0,4.0,0.5913640934887694,59.879073860905315,48.28676543286094,0.3943587596975703,0.8972953596477051,35.681816837573244,784.25499092559,0.046701874615113645,0.02132727715425463,0.6936622076693438
94,3289.0,235.9655121145938,0.9146273637374861,0.6852083333333333,74.32350258437215,255.0,2.0,0.6968217722176606,78.36959258965123,56.210145319983134,-0.3259618898831967,0.7422952341068177,37.72568167501283,798.2956955708047,0.051601876914091044,0.018904992267854855,0.7193902027853224
95,2001.0,168.4680374315355,0.9756216479765968,0.8032918506623846,26.454772613693155,89.0,0.0,0.49963404194384997,54.38595194559474,47.11110137756826,0.09357530923302639,0.8859759223901814,13.60395327426647,278.00103199174407,0.07768357705354605,0.035704528156875526,0.24162295113865995
96,1329.0,156.22539674441617,0.9319775596072931,0.6625124626121635,73.59142212189616,160.0,9.0,0.9004268335457721,63.299642548905396,27.535818701283656,0.26951093150632893,0.6842764166509477,26.60477876211963,741.1251968503938,0.04826913064317373,0.025196850393700787,0.465300941596466
97,2331.0,184.61017305526642,0.9612371134020619,0.8018575851393189,87.52767052767052,255.0,9.0,0.4846283139428888,58.43800210860574,51.11689985775178,-0.16594296529753322,0.8594901001470405,34.55813476386338,917.3069132540729,0.0474533515609914,0.021172726164986888,0.6092667436812913
98,1895.0,185.19595949289334,0.951783023606228,0.6577577230128427,73.14564643799473,255.0,2.0,0.8379132492522153,67.9938789683353,37.11129251737544,0.41531996654143793,0.6943142261768024,31.20476083005197,763.613785557987,0.04665770714752361,0.0227830026509396,0.597232549011538
99,2389.0,186.3086578651014,0.9735126324368378,0.7178485576923077,18.655922980326498,109.0,0.0,0.6046798973969665,61.94377048709233,49.336267804632044,0.0982254208820197,0.8648881349486723,14.1837367396124,191.74347434743467,0.10597257393985576,0.044686092348754446,0.5234260831717215
100,1293.0,139.19595949289334,0.9563609467455622,0.6855779427359491,20.25908739365816,79.0,0.0,0.5497930236257517,44.75206779555342,37.381443514562946,-0.4178819839704439,0.8386005268854786,13.065016953656162,212.01673640167363,0.10591692920956171,0.04355887677871103,0.3582679007878358
101,2023.0,168.61017305526642,0.9763513513513513,0.7780769230769231,110.94957983193277,255.0,11.0,0.27352121131328355,51.897533009460666,49.918471002068,0.12671777538607804,0.8942072743574834,46.41175329447228,1105.9969558599696,0.04860676128341063,0.021875252295596243,0.7409035598302628
102,711.0,119.25483399593904,0.9660326086956522,0.7337461300309598,96.49507735583686,255.0,11.0,0.9088653236792597,48.341822680563936,20.16287664192243,0.02044517315714028,0.6282427425796463,45.3071364611012,982.3469696969696,0.04263740913110206,0.030604560419279024,0.7468137699288141
103,1446.0,145.6812408671319,0.9557171183079973,0.6706864564007421,67.30843706777317,243.0,0.0,0.5347902070327684,47.301518528164955,39.96906759440511,-0.49864905378138097,0.8561914625942095,37.54479516380345,735.0494269340975,0.057713340233745775,0.02420207149932114,0.7388992265382904
104,1687.0,163.19595949289334,0.9728950403690888,0.6925287356321839,49.643746295198575,149.0,0.0,0.8417077363652431,63.22044469273982,34.13483024419375,0.4205534315224447,0.7959873072638466,25.47391812729296,481.0166256157636,0.058999675546846306,0.0257592372701378,0.622039731608105
105,1923.0,173.6812408671319,0.9491609081934848,0.6855614973262032,64.76859074362974,200.0,2.0,0.5682881134458482,56.31905289071454,46.340986140244986,-0.7454822639477457,0.8010937098761535,31.329344599135748,681.9539367970006,0.054460109322741486,0.02236488440933365,0.6501471762279208
106,794.0,105.7401153701776,0.9624242424242424,0.7351851851851852,21.065491183879093,89.0,0.0,0.5922057843023977,35.488068288564826,28.59581570687988,-1.2614876559190855,0.892382010181326,15.125444992452142,196.25506072874495,0.10430113184258781,0.045284647059547954,0.5766382673027419
107,1586.0,181.63961030678928,0.946865671641791,0.6478758169934641,90.81588902900378,255.0,11.0,0.9059090013887591,71.43485555529277,30.25069037013212,0.2274789234162897,0.6040764764276353,33.95784271288122,1059.392998678996,0.03965187607327928,0.02242304517406599,0.5177936088120798
108,1515.0,146.2670273047588,0.974903474903475,0.7007400555041629,122.74191419141914,255.0,9.0,0.6342004981545231,50.07947602259234,38.719879793810804,-0.7301958006935467,0.8898762723174914,54.583246069204996,1367.6014986376022,0.07011805105539089,0.04542120729746499,0.7678657985609509
109,2870.0,232.5512985522207,0.9315157416423239,0.5809716599190283,22.40801393728223,141.0,0.0,0.7975655417712012,79.29519400800574,47.83342218257158,0.6745938875071599,0.666890027130477,13.750834192996804,231.45165997811023,0.09516972514171453,0.03767392345924913,0.3805542741172832
110,952.0,124.22539674441619,0.9242718446601942,0.6592797783933518,30.84453781512605,163.0,0.0,0.7275535750878285,42.51653874944353,29.168508372080034,-0.7854690489430526,0.7752218901635806,25.79991270091084,314.0631929046564,0.07271311267366098,0.036778031963189295,0.7693970859118889
111,1494.0,151.4386001800126,0.9485714285714286,0.6910268270120259,49.57898259705489,193.0,0.0,0.6045520604292405,49.750735444900585,39.629726026728854,1.0314421278251162,0.8186293069469045,33.63681307950583,528.3766504517025,0.06555761773677396,0.028022022451224395,0.767066661993412
112,2855.0,217.71677477306463,0.9212649241690868,0.7388716356107661,22.719789842381786,140.0,0.0,0.6083504499993417,69.15239417799602,54.88407879245706,-1.48647509538851,0.7568889978611929,16.684586381535176,229.12209516783471,0.0969143156873505,0.037487727067254756,0.5892242495053703
113,1781.0,163.82337649086287,0.9493603411513859,0.6462264150943396,70.05446378439079,255.0,4.0,0.3324578689779203,49.49268609328456,46.67744846071506,-1.454093942137913,0.8339154843630309,33.387653151100466,779.7958357432043,0.052636190633761376,0.023329142891959177,0.6521720049843316
114,644.0,137.84062043356596,0.930635838150289,0.6110056925996205,28.09006211180124,79.0,0.0,0.9674319658872167,60.25876107585427,15.253370950268208,0.047304236604109914,0.4259330036220382,13.732062065384453,330.1896551724138,0.08677231999840715,0.042338031578650605,0.11251275691302239
115,2536.0,192.89444430272832,0.9723926380368099,0.7052280311457174,58.65654574132492,246.0,0.0,0.6127554986437073,64.29127340268465,50.80762839564442,-0.9437430719495482,0.8564848285973992,35.49753318916748,630.2405984634047,0.05694940881096855,0.022804659053123368,0.7493833698005486
116,2243.0,174.95331880577402,0.9833406400701447,0.8138606676342526,91.97503343736068,255.0,0.0,0.4049060790417791,55.92944366988011,51.139550005585114,0.7813178023175827,0.9208624560664,47.83778971457571,934.1082686158064,0.04977336358611909,0.02029424054932954,0.7962114839746829
117,1088.0,139.63961030678928,0.9036544850498339,0.6430260047281324,87.01011029411765,255.0,4.0,0.7685614978984171,48.3767976172194,30.9503100561329,1.2887503127730682,0.7011670564712691,52.400859550254346,835.4138915318742,0.05454386451252898,0.026598783536621047,0.8483035579329316
118,2321.0,182.2670273047588,0.9764408918805216,0.7695623342175066,100.36492890995261,255.0,2.0,0.5431669947463904,59.59739630798027,50.0394452494359,-0.3895006396623869,0.8779479791399069,55.638620955601816,1063.0671674768007,0.06345475344359582,0.026662198887917057,0.827513324646827
119,1403.0,146.8528137423857,0.947972972972973,0.6633569739952718,51.94226657163222,145.0,1.0,0.6965675871450678,50.62420472081581,36.32242049321918,-0.6292001837652219,0.8175286678140893,26.50437804032691,576.5162241887905,0.058722869193445715,0.026291362050111927,0.5829756732456081
120,1324.0,135.53910524340094,0.9778434268833087,0.738015607580825,30.66842900302115,146.0,0.0,0.5213607580455112,44.53774676126869,38.00567913894356,-1.5427651314504973,0.9056671603998058,22.981232332621463,337.10530482977043,0.08625651237233961,0.03379643067365486,0.6776900352744908
121,2415.0,189.78174593052023,0.973397823458283,0.7835820895522388,57.405797101449274,241.0,0.0,0.7320202491798451,67.47713599158452,45.97101715670045,0.22686449266944073,0.8425935372540388,40.07714258399621,611.8940170940172,0.05805720820411628,0.02292009069314167,0.8100427077779515
122,921.0,117.81118318204308,0.940755873340143,0.7321144674085851,16.14332247557003,63.0,0.0,0.46218716318135156,36.54421590449057,32.40676751146513,0.2492251894414181,0.8338663698441909,10.38159449557737,177.3782816229117,0.10715649609102228,0.05069843863066349,0.1444369851874785
123,2041.0,172.40916292848976,0.9756214149139579,0.6885964912280702,80.91033806957374,255.0,4.0,0.7091356917076795,60.80848108694289,42.87435934167732,-0.9185772448015872,0.8628437986838554,32.543361130695565,867.2875816993466,0.040194307726803546,0.021615980720669347,0.5796260974761785
124,2338.0,182.8528137423857,0.9774247491638796,0.7695852534562212,105.90290846877673,255.0,15.0,0.6495959682272854,62.70487808873835,47.673239956586606,0.11981708252243284,0.8787211417922469,52.72129603583554,1020.5101054481545,0.07048347468407147,0.036028119507908615,0.8165122051893694
125,1848.0,160.36753236814712,0.9803713527851459,0.7857142857142857,48.84199134199134,161.0,0.0,0.6680676010536445,56.372718835104294,41.94697305661593,0.12865128458537545,0.9029816766581357,28.38651611827803,494.14205816554806,0.061076667383762856,0.024955605724075063,0.6877096822807377
126,910.0,119.49747468305833,0.974304068522484,0.774468085106383,32.33076923076923,135.0,0.0,0.8377820593448239,46.366046732741125,25.316083199155614,-0.03727506843272265,0.800817954043933,17.2388342095047,333.6689895470383,0.06935528857842231,0.03564694367763718,0.4342584681137695
127,2208.0,203.19595949289334,0.9093904448105437,0.775008775008775,61.458786231884055,255.0,0.0,0.896427373857515,81.235119231383,36.00264631699703,0.006195026075076901,0.6720147375132014,38.08851158116835,652.3378823529413,0.05407356801006547,0.022693382722220202,0.7678423918508278
128,915.0,120.53910524340094,0.9261133603238867,0.6079734219269103,43.033879781420765,143.0,0.0,0.7519443334785895,42.877097683572636,28.26572362306157,1.0385175836284497,0.7913617066828988,24.362201972467435,421.1374570446735,0.0626968520277042,0.0322059929427481,0.6294620545866624
129,1447.0,148.95331880577402,0.9678929765886287,0.6851325757575758,39.986869384934344,143.0,0.0,0.7287223041697373,52.13767951406232,35.704368802885966,0.6433257192951279,0.8195548541622949,24.762712880819592,405.5449275362318,0.06354612175149464,0.028311919703748255,0.6645487116237244
130,1815.0,177.6812408671319,0.971107544141252,0.6547619047619048,31.531129476584024,158.0,0.0,0.8668304243788886,69.16556575784536,34.48616300605797,-0.3681903299208673,0.7224425823909729,24.630648908756573,340.77882909521,0.08232070158228873,0.032557373408635855,0.720917268018839
131,1478.0,145.88225099390854,0.9717291255752795,0.7510162601626016,34.68403247631935,160.0,0.0,0.6922417605803899,51.143377129349886,36.90841972238986,1.0489308536252215,0.8727289573203514,23.356469276872506,333.89602233077454,0.0835834845482917,0.03238744280773843,0.6966768073678145
132,2384.0,190.48023074035524,0.9651821862348178,0.6713601802309209,39.64555369127517,249.0,0.0,0.679494995356627,64.71411999615285,47.47946477112265,0.4987919410837213,0.8256886183260039,31.938368008332986,424.1193058568329,0.07986771265196287,0.028008698293395178,0.794127280345382
133,372.0,75.76955262170047,0.9370277078085643,0.6642857142857143,45.74731182795699,130.0,5.0,0.7065048957431637,26.295215895344104,18.60933871988506,1.2624580014885098,0.8142604819622606,21.2828018377293,499.9204545454545,0.0666138324580229,0.04473868110233983,0.4332239812512518
134,2438.0,184.2670273047588,0.9775461106655974,0.7776714513556618,24.12797374897457,131.0,0.0,0.3423082142933744,57.79119457284301,54.29989683249773,0.22325478346466163,0.9022944915826558,21.937360225491346,257.2246503496503,0.09802040591499361,0.03853348721756273,0.7369124527584242
135,1780.0,164.16042558696057,0.9642470205850487,0.7355371900826446,91.85280898876404,255.0,11.0,0.6404367638873832,54.51971020017983,41.87173201599046,-0.027795134309946307,0.8300283528381343,41.259737944582845,994.389211136891,0.04091676359077846,0.02181930727819493,0.7032374355410286
136,1281.0,150.22539674441617,0.9488888888888889,0.7023026315789473,19.23575331772053,79.0,0.0,0.8595870540996066,57.60715583331229,29.436642021685316,-0.21536581619441442,0.7133000828345466,14.602054182109939,215.87102321582108,0.10880985405162014,0.04478217251934577,0.4988366929170808
137,1575.0,153.78174593052023,0.9686346863468634,0.7159090909090909,29.189206349206348,109.0,0.0,0.7158528107675081,53.88521831044879,37.625418926892216,0.07904743776194174,0.8369140284299108,17.56933866925219,296.045545880777,0.08804469329894277,0.03292899813337403,0.511589255234662
138,2574.0,192.2670273047588,0.9772209567198178,0.7688172043010753,60.088189588189586,255.0,0.0,0.5459167211450868,62.89144756772082,52.69293544943206,-0.3803343773111458,0.8750014714989571,53.37610093583516,659.6414868105513,0.056951733600249056,0.023662286355900373,0.8853455309272239
139,2302.0,178.50966799187808,0.9833404527979496,0.7619993379675604,48.511294526498695,229.0,0.0,0.4911007695210422,58.27257254414397,50.76139930050482,-1.0425065607327557,0.9078031780917131,28.70186792813305,515.0326621923938,0.06143634711852488,0.024103004207884797,0.6852592413342037
140,2059.0,173.6812408671319,0.9572291957229195,0.7194269741439553,30.711996114618746,166.0,0.0,0.4373904972853177,54.425318960813335,48.94314796905261,0.8871064629154988,0.8577493232631306,22.76177079365593,327.83679675620886,0.08530249344545157,0.03155882427989477,0.6836857095834931
141,743.0,104.08326112068522,0.9712418300653595,0.7320197044334975,42.869448183041726,114.0,0.0,0.7675783717934687,38.58534875979517,24.73147616132926,0.49591427695288776,0.8618603388034348,22.262061363277553,456.5985815602837,0.06450977973581806,0.03443917884306095,0.5263545249338863
142,605.0,106.46803743153546,0.859375,0.5109797297297297,38.63636363636363,126.0,1.0,0.865588420370394,40.5424106094816,20.30186002187946,-0.610520449504955,0.6706975832669989,22.34958908417345,384.79577464788736,0.0627078600598428,0.037718812122585474,0.5993545257742168
143,1686.0,154.2670273047588,0.9751301330248698,0.7330434782608696,26.223606168446025,94.0,0.0,0.5414872078805403,50.65423928412423,42.5854742825493,-0.46279077817592545,0.8902689211673052,15.200336757103672,271.046439628483,0.08749973664210128,0.035048846311046204,0.40763978181298643
144,2103.0,174.2670273047588,0.9727104532839963,0.7353146853146854,12.757964812173086,61.0,0.0,0.6498952832442785,59.77490057680253,45.43034488868616,-0.9782770381524605,0.8701992222901332,10.203255428803567,123.54421397379915,0.1376268237024948,0.06196436731606257,0.4011505496882892
145,2924.0,199.3380951166243,0.9845117845117846,0.7993439037725533,66.90834473324213,241.0,0.0,0.31509050351253165,62.69582065649293,59.502197649262094,0.1387903724404944,0.924712279314528,35.22703109396409,691.2237762237763,0.051161107666402965,0.019896303133506005,0.7195856918812722
146,1097.0,144.5685424949238,0.9673721340388007,0.6754926108374384,13.744758432087512,96.0,0.0,0.8445236201223858,53.43343759282096,28.614583933288895,0.15038247120914902,0.6595821384816813,13.571060567376945,133.43124312431243,0.1418419938977682,0.06107840106706847,0.6316501710325442
147,1113.0,135.29646455628165,0.9712041884816754,0.6745454545454546,46.98382749326146,155.0,2.0,0.8028338767471567,50.235303814620465,29.95042827153586,0.3633645932380198,0.7640682123526741,20.221098392793408,464.8579492003763,0.052696947450087746,0.031037086898068902,0.4207179018816081
148,2431.0,189.09545442950497,0.9786634460547504,0.7606382978723404,39.963800904977376,136.0,0.0,0.7443667372689233,68.27275981918999,45.590571755792794,0.1845123074959593,0.8543437457198889,27.82582908902859,425.7118130679359,0.08056152038292975,0.02605996525298753,0.7217477661292243
149,1535.0,171.09545442950497,0.9040047114252061,0.5912942989214176,4.291205211726385,26.0,0.0,0.8432734347920577,62.965931099330426,33.84323111469506,1.143200132616386,0.6589330647329981,4.7854850618413165,42.3303457106274,0.22525678327627938,0.1289532163758862,0.07417743517933983
150,1366.0,136.81118318204307,0.977110157367668,0.796037296037296,9.010980966325036,53.0,0.0,0.44790812069687597,44.20893479228085,39.526306346802045,-0.09268612919465713,0.9171014196804346,7.8064449143142856,100.46889507892296,0.14193135213278152,0.07262845052233673,0.15325469150367876
151,3747.0,231.48023074035524,0.982175622542595,0.780625,12.872965038697625,109.0,0.0,0.5338447844424865,75.46898902400329,63.81525559997842,0.02783882652630803,0.8787508212805992,13.845187843075298,148.1953342618384,0.13586259806338477,0.057476570770104096,0.6346072284069963
152,3701.0,236.06601717798213,0.9811770943796394,0.7638802889576883,5.249932450689003,60.0,0.0,0.7502658931221813,84.61236914546367,55.94030114838086,1.4884190994078055,0.8345685284577655,7.092620969652926,63.26488939307999,0.2105797025871991,0.10658888526923503,0.529696907332491
153,2650.0,192.65180361560903,0.9807549962990377,0.7632488479262672,3.9313207547169813,35.0,0.0,0.495085345705515,62.37154119673577,54.191161023875075,-1.131635322667615,0.897241968369119,4.7013245976626745,44.3423645320197,0.22878082983549863,0.126967463706725,0.04451204844306232
154,3775.0,237.58073580374355,0.9741935483870968,0.7641700404858299,1.6680794701986754,26.0,0.0,0.6354017292104818,79.12199329080654,61.09655860151658,1.1469240718182456,0.840435471339006,2.9353792392896527,22.909395973154364,0.31884334490895616,0.1872365948553932,0.061033084866262306
155,2473.0,186.16652224137044,0.9821286735504369,0.7493939393939394,2.020622725434695,25.0,0.0,0.6336742567144462,63.92822194518678,49.454871520742195,0.9699837495372139,0.8966662196185997,3.0333067025208575,21.39488117001828,0.29727411198867204,0.18347231137542053,0.029761788834079404
156,1261.0,134.29646455628165,0.9662835249042145,0.7505952380952381,3.950039651070579,27.0,0.0,0.5544709429896434,43.94293856163276,36.56944900054598,1.0011553324387874,0.8786092903242096,4.417887052599929,36.45172413793104,0.235195625311791,0.13411754122134073,-0.037262532896718006
157,2621.0,192.4030662740799,0.9725417439703155,0.7932808716707022,1.6783670354826403,23.0,0.0,0.29122692358437535,59.2317161236095,56.66425825754864,-1.5243769420515803,0.8897190859280703,2.791759239825702,19.50559284116331,0.32418827322843496,0.20474993534040717,0.008861996106291032
158,1183.0,153.39696961967,0.9464,0.8215277777777777,1.2603550295857988,15.0,0.0,0.9157804672853911,61.79318988253986,24.82103569504184,-0.020437968692296565,0.6317729807710922,2.2714760080591083,12.014388489208633,0.3552550017027177,0.21708268013833973,0.03634114345494097
159,3556.0,226.99494936611666,0.9769230769230769,0.7827426810477658,0.9893138357705287,17.0,0.0,0.6035038243466233,75.42639727981685,60.141999910709174,-1.499765132591426,0.8672398543136832,2.1218236318504924,16.58052434456929,0.36762501352521343,0.2329033979182285,0.04685955921218947
160,858.0,111.39696961966999,0.9629629629629629,0.7096774193548387,4.103729603729604,30.0,0.0,0.7507770221161422,40.79996450411244,26.950650047508343,1.0913246288490384,0.8688611894843844,4.789967184006123,47.90441176470588,0.23031986106427593,0.13487074992350592,-0.009531821319415231
161,1385.0,138.95331880577402,0.9753521126760564,0.7328042328042328,35.07509025270758,231.0,0.0,0.6290813624251874,47.665776177961035,37.052488818169245,0.7143435618450656,0.9014087911494827,40.46939558212438,553.145038167939,0.08674699097701716,0.03756473687494241,0.8395568150257235
