unique_id,label,area,perimeter,solidity,extent,mean_intensity,max_intensity,min_intensity,eccentricity,major_axis_length,minor_axis_length,orientation,circularity,intensity_std,glcm_contrast,glcm_homogeneity,glcm_energy,glcm_correlation,cell_height_y,mean_dist_to_5_neighbors,n_chromocenters,mean_chromocenter_area,chromocenter_area_fraction,kmeans_cluster,spectral_cluster
C:\Users\shiva\OneDrive\Desktop\MASK-R-CNN-Vision-Biology-Lab\image and seg data\C1-C30000.png_cell_1,1,762.0,105.94112549695429,0.963337547408344,0.8141025641025641,119.30839895013123,255.0,12.0,0.7061850120332992,37.446908840746765,26.513435643616493,1.3151324965931126,0.85317018553424,57.8628404259681,1271.9157608695657,0.0417867939447974,0.0282726250634304,0.806814460880593,11.828083989501312,67.5364278167503,6,53.66666666666666,0.4225721784776903,3,0
C:\Users\shiva\OneDrive\Desktop\MASK-R-CNN-Vision-Biology-Lab\image and seg data\C1-C30000.png_cell_2,2,1191.0,126.08326112068522,0.9810543657331136,0.8470839260312945,106.0369437447523,255.0,9.0,0.2546686841209049,39.66356636310674,38.35579378378277,-0.0481519392354729,0.9414705924093209,50.46497795896693,1125.89158716392,0.0397298444165432,0.023207438265845,0.7741296361737053,18.04701931150294,59.97654398526274,16,28.75,0.3862300587741393,3,0
C:\Users\shiva\OneDrive\Desktop\MASK-R-CNN-Vision-Biology-Lab\image and seg data\C1-C30000.png_cell_3,3,1177.0,128.3259018078045,0.9743377483443708,0.7974254742547425,88.41546304163127,206.0,8.0,0.5798869512289822,43.03306647419344,35.05890809692225,-0.3589442433493794,0.8981682048705937,34.96088162971293,937.0941901408452,0.0437364622852205,0.0244268255730838,0.6044095946161177,19.29226847918437,60.76554328240344,10,55.7,0.4732370433305012,3,0
C:\Users\shiva\OneDrive\Desktop\MASK-R-CNN-Vision-Biology-Lab\image and seg data\C1-C30000.png_cell_4,4,697.0,103.84062043356596,0.9694019471488178,0.7576086956521739,145.64705882352942,255.0,18.0,0.8223065054394639,40.011962100509656,22.76859990995956,1.3824828403338585,0.8122843641716612,54.90925311957953,1337.26706231454,0.0475590694029128,0.0308733709891466,0.7694212624880107,9.868005738880916,71.66998216961177,11,28.272727272727277,0.4461979913916786,3,0
C:\Users\shiva\OneDrive\Desktop\MASK-R-CNN-Vision-Biology-Lab\image and seg data\C1-C30000.png_cell_5,5,395.0,80.52691193458118,0.9404761904761904,0.7078853046594982,73.9620253164557,167.0,9.0,0.7726532609652974,29.11227304918981,18.481294071520832,1.537531766651205,0.7654641747885597,29.52271943752304,725.4429708222813,0.069568337236965,0.0410069624237143,0.5715504732955894,7.769620253164557,53.33773933168884,8,21.0,0.4253164556962025,3,0
C:\Users\shiva\OneDrive\Desktop\MASK-R-CNN-Vision-Biology-Lab\image and seg data\C1-C30000.png_cell_6,6,1023.0,121.7401153701776,0.9623706491063028,0.78996138996139,101.58944281524928,252.0,16.0,0.3018425726796722,37.24664944499355,35.509383117792844,1.4664216927516327,0.8673973275598655,45.45417128468328,1022.4716024340772,0.0420871325133933,0.0250898922451378,0.7473579479535079,16.04887585532747,46.88836650256103,7,58.285714285714285,0.3988269794721407,3,0
C:\Users\shiva\OneDrive\Desktop\MASK-R-CNN-Vision-Biology-Lab\image and seg data\C1-C30000.png_cell_7,7,1102.0,124.42640687119284,0.9709251101321584,0.8348484848484848,82.93647912885662,221.0,11.0,0.5617010108497669,41.40181511517912,34.25339019814393,-0.009514646996467,0.8944711522952582,40.55199384325458,826.0753295668551,0.048290994473052,0.0260098442880096,0.7471499736198861,18.22141560798548,48.68978995476575,13,33.38461538461539,0.3938294010889292,3,0
C:\Users\shiva\OneDrive\Desktop\MASK-R-CNN-Vision-Biology-Lab\image and seg data\C1-C30000.png_cell_8,8,888.0,114.08326112068522,0.961038961038961,0.7708333333333334,99.78603603603604,231.0,17.0,0.5293307074760699,36.78677492873248,31.210473111847925,-1.3517560610286,0.8573911085872167,48.0426723191609,1032.2444444444443,0.040822730612054,0.0264777343220392,0.7726142084414424,14.04954954954955,42.460346556672114,8,46.5,0.4189189189189189,3,0
C:\Users\shiva\OneDrive\Desktop\MASK-R-CNN-Vision-Biology-Lab\image and seg data\C1-C30000.png_cell_9,9,416.0,87.14823227814082,0.9327354260089686,0.6797385620915033,79.95673076923077,178.0,12.0,0.8651126249558694,33.71550748158256,16.91094525189543,-1.5629494709416685,0.6883130920228812,32.61139272502749,768.7017543859648,0.056958862378737,0.0398251844162173,0.6300395548854659,7.15625,43.82132903590112,5,35.6,0.4278846153846153,3,0
C:\Users\shiva\OneDrive\Desktop\MASK-R-CNN-Vision-Biology-Lab\image and seg data\C1-C30000.png_cell_10,10,956.0,114.32590180780451,0.9676113360323888,0.7804081632653062,105.64748953974896,255.0,12.0,0.327467046179992,35.92723715020423,33.94630271952834,0.5462238357270226,0.9191332659552454,48.74725830692799,1011.4929424538544,0.0404947633854114,0.0252894998889296,0.7791140895994765,17.85041841004184,66.82434016262876,19,17.526315789473685,0.348326359832636,3,0
C:\Users\shiva\OneDrive\Desktop\MASK-R-CNN-Vision-Biology-Lab\image and seg data\C1-C30000.png_cell_11,11,354.0,76.2842712474619,0.96986301369863,0.7612903225806451,91.82485875706216,203.0,25.0,0.8597557586442931,30.390602624480174,15.520645758874709,-1.5687765211361406,0.7644395050069387,39.99552027326565,1132.061946902655,0.0303344018299678,0.0406609107731274,0.639427865300426,6.8474576271186445,57.67351851809981,6,23.166666666666668,0.3926553672316384,3,0
C:\Users\shiva\OneDrive\Desktop\MASK-R-CNN-Vision-Biology-Lab\image and seg data\C1-C30000.png_cell_12,12,645.0,94.28427124746192,0.9832317073170732,0.885989010989011,120.93798449612405,243.0,18.0,0.4210498260788688,30.36282166335685,27.540218148262927,0.3836032213121477,0.911782140907056,43.837146107878425,1182.5235008103728,0.0396044307745258,0.0307514845397249,0.6788290625505782,13.502325581395349,56.27712993621127,10,31.1,0.4821705426356589,3,0
C:\Users\shiva\OneDrive\Desktop\MASK-R-CNN-Vision-Biology-Lab\image and seg data\C1-C30000.png_cell_13,13,1627.0,153.0538238691624,0.9719235364396654,0.7822115384615385,92.15918869084204,255.0,0.0,0.667687453517764,52.954515340209895,39.42155012377556,1.259184071328216,0.8727885660500223,48.42684222005085,925.1305170239592,0.0440492162476051,0.0215623916488796,0.801242399716035,19.27412415488629,68.04939556013933,20,25.45,0.3128457283343577,0,0
C:\Users\shiva\OneDrive\Desktop\MASK-R-CNN-Vision-Biology-Lab\image and seg data\C1-C30000.png_cell_14,14,1286.0,140.08326112068522,0.9720332577475436,0.7691387559808612,110.33670295489893,255.0,17.0,0.4813262898649318,44.283234690010495,38.81609299697965,-1.1400257911339715,0.823527954087988,55.60078492528988,1127.511217948718,0.045976937879098,0.0224859217955164,0.8145839793230669,16.68973561430793,62.03518043809093,16,30.875,0.3841368584758942,3,0
C:\Users\shiva\OneDrive\Desktop\MASK-R-CNN-Vision-Biology-Lab\image and seg data\C1-C30000.png_cell_15,15,339.0,70.87005768508881,0.9769452449567724,0.7847222222222222,99.42772861356931,206.0,22.0,0.7872361486602811,27.015296148062685,16.659026699493637,1.5465182736376324,0.8481721139622008,37.00988384891826,994.3622291021672,0.0362351485801967,0.0414213255735593,0.6365481117303476,7.377581120943953,66.97550947935558,10,11.6,0.3421828908554572,3,0
C:\Users\shiva\OneDrive\Desktop\MASK-R-CNN-Vision-Biology-Lab\image and seg data\C1-C30000.png_cell_16,16,635.0,93.59797974644668,0.970948012232416,0.7839506172839507,133.51653543307086,255.0,35.0,0.3497107946745669,29.675242057154808,27.80147917960017,1.295042767955992,0.9108579214027168,46.40324072951695,1443.467105263158,0.0381387101004505,0.0304165164620179,0.6513778737469935,12.670866141732285,69.68048290556231,8,37.625,0.474015748031496,3,0
C:\Users\shiva\OneDrive\Desktop\MASK-R-CNN-Vision-Biology-Lab\image and seg data\C1-C30000.png_cell_17,17,741.0,103.01219330881976,0.9698952879581152,0.7841269841269841,158.1889338731444,255.0,35.0,0.6655466107368939,35.84996279535443,26.756845164071688,1.472647273543638,0.877507432617302,56.165957450454464,1331.9033613445376,0.0563825592937053,0.0438220948099776,0.7809797685408258,12.364372469635628,72.45489920772792,11,25.90909090909091,0.3846153846153846,3,0
C:\Users\shiva\OneDrive\Desktop\MASK-R-CNN-Vision-Biology-Lab\image and seg data\C1-C30000.png_cell_18,18,576.0,96.18376618407356,0.979591836734694,0.715527950310559,92.39930555555556,184.0,20.0,0.7785763026653492,35.2239703513918,22.104800866016568,1.1787726292048124,0.7823999080163668,30.965318854162785,964.5443037974684,0.0350929331634508,0.0338305369509397,0.4914177136642316,10.32638888888889,72.14722435470144,13,17.923076923076923,0.4045138888888889,3,0
C:\Users\shiva\OneDrive\Desktop\MASK-R-CNN-Vision-Biology-Lab\image and seg data\C1-C30000.png_cell_19,19,663.0,96.76955262170048,0.9793205317577548,0.7892857142857143,116.90346907993968,243.0,26.0,0.6083419830540948,33.1599488117311,26.31822291689594,0.8699362151209462,0.889704784233239,41.59496978414658,1268.7795275590552,0.0377808735300924,0.0303328508413515,0.622471734095045,12.773755656108598,71.89636282454572,16,17.5,0.4223227752639517,3,0
C:\Users\shiva\OneDrive\Desktop\MASK-R-CNN-Vision-Biology-Lab\image and seg data\C1-C30000.png_cell_20,20,648.0,95.01219330881976,0.9759036144578314,0.7854545454545454,155.70833333333334,255.0,32.0,0.6690067441259899,33.5699788340706,24.951099361889817,-1.3017685957931402,0.902040802238114,58.67813275734742,1484.6356340288928,0.0457256981591023,0.0361423121964613,0.777311538444222,11.802469135802468,75.46815383135163,11,26.0,0.441358024691358,3,0
C:\Users\shiva\OneDrive\Desktop\MASK-R-CNN-Vision-Biology-Lab\image and seg data\C1-C30000.png_cell_21,21,606.0,97.84062043356596,0.9513343799058084,0.7426470588235294,80.28382838283828,175.0,19.0,0.6939645413077618,33.40785662794477,24.05396336630467,-1.5167335050149438,0.7955071586646841,26.327061380280227,826.1032702237519,0.0371542198680741,0.0331520831054358,0.3930637093971929,10.925742574257423,80.66588683386541,16,15.375,0.4059405940594059,3,0
C:\Users\shiva\OneDrive\Desktop\MASK-R-CNN-Vision-Biology-Lab\image and seg data\C1-C30000.png_cell_22,22,1096.0,127.01219330881976,0.969053934571176,0.8100517368810052,77.97992700729927,200.0,6.0,0.6650051088368414,43.72835144234032,32.6580298695214,-0.1375183109490555,0.8537477787701482,35.673007522328454,792.321327014218,0.0412030789411104,0.025398599065354,0.684278567095531,19.156934306569344,67.24511049955893,19,20.63157894736842,0.3576642335766423,3,0
C:\Users\shiva\OneDrive\Desktop\MASK-R-CNN-Vision-Biology-Lab\image and seg data\C1-C30000.png_cell_23,23,286.0,69.4558441227157,0.9255663430420712,0.6485260770975056,77.32517482517483,131.0,19.0,0.8238823141335672,25.76137893580876,14.600542644737152,0.6266950858343455,0.7450034939100723,19.460086347027648,653.4113207547168,0.0465085083465621,0.049201527586435,0.1204636294889681,11.185314685314683,72.71677704199952,5,28.4,0.4965034965034965,3,0
C:\Users\shiva\OneDrive\Desktop\MASK-R-CNN-Vision-Biology-Lab\image and seg data\C1-C30000.png_cell_24,24,683.0,98.1543289325507,0.9646892655367232,0.6898989898989899,68.79648609077599,161.0,1.0,0.5020713708027683,31.861260605941816,27.55445261309754,0.8592320470905991,0.8908644963377345,29.013065960653226,692.3537519142419,0.046464912487694,0.0324857633010665,0.5817932328168477,19.046852122986824,49.72950369380516,13,24.384615384615383,0.4641288433382137,3,0
C:\Users\shiva\OneDrive\Desktop\MASK-R-CNN-Vision-Biology-Lab\image and seg data\C1-C30000.png_cell_25,25,1112.0,136.78174593052023,0.8982229402261712,0.5914893617021276,77.31205035971223,182.0,16.0,0.5875144113725023,42.7452092693486,34.59000906004704,-0.3681825507894676,0.7468929591485345,27.94571302313764,767.8291079812207,0.0499651325180309,0.027415589334566,0.5024347078015553,32.68255395683453,42.47198345376783,24,19.95833333333333,0.4307553956834532,1,0
C:\Users\shiva\OneDrive\Desktop\MASK-R-CNN-Vision-Biology-Lab\image and seg data\C1-C30000.png_cell_26,26,1058.0,122.46803743153546,0.9742173112338858,0.7168021680216802,66.06805293005671,160.0,8.0,0.7090467756489515,43.83918571784812,30.913703748211727,0.5831484894545462,0.8864413677908064,29.31890846149256,686.7266470009833,0.0666890791145128,0.0276895336092993,0.5922534002258854,35.93005671077505,52.64193073531786,22,20.772727272727277,0.4319470699432892,3,0
C:\Users\shiva\OneDrive\Desktop\MASK-R-CNN-Vision-Biology-Lab\image and seg data\C1-C30000.png_cell_27,27,617.0,100.66904755831214,0.9477726574500768,0.6878483835005574,31.14586709886548,79.0,2.0,0.8546693229780578,39.41935928780525,20.46545731721306,-0.279679452165135,0.7650734103922817,15.38753162780177,264.3546712802768,0.0596137962287684,0.0415044655221285,0.4407904166120187,37.44408427876823,97.5769247692004,18,12.833333333333334,0.3743922204213938,4,0
C:\Users\shiva\OneDrive\Desktop\MASK-R-CNN-Vision-Biology-Lab\image and seg data\C1-C30000.png_cell_28,28,522.0,92.76955262170048,0.9666666666666668,0.725,98.87164750957854,193.0,12.0,0.8221900262782597,35.02630099514401,19.937429601024416,-0.0277760629696557,0.7622008742277883,36.95333083414565,974.7078189300412,0.0356201145994443,0.0344304537668343,0.6259878432172935,37.80842911877394,61.25494158019453,13,16.53846153846154,0.4118773946360153,3,0
C:\Users\shiva\OneDrive\Desktop\MASK-R-CNN-Vision-Biology-Lab\image and seg data\C1-C30000.png_cell_29,29,1195.0,134.22539674441617,0.9644874899112188,0.734029484029484,115.19748953974896,255.0,16.0,0.5382479613248357,42.79447198002995,36.066604466563376,-0.0858325596372731,0.8335053209855139,56.831935983850535,1181.7417391304343,0.0457427777229894,0.0235104449297317,0.8133087679949674,44.94979079497908,44.131742380011545,11,40.72727272727273,0.3748953974895397,3,0
C:\Users\shiva\OneDrive\Desktop\MASK-R-CNN-Vision-Biology-Lab\image and seg data\C1-C30000.png_cell_30,30,771.0,101.84062043356596,0.9734848484848484,0.8056426332288401,50.76394293125811,135.0,2.0,0.4950164260292405,33.63696937328643,29.226611576625977,-1.3433205940459343,0.9341619400740668,26.234180276949527,529.3396226415094,0.0597008660042849,0.0325688570716834,0.6085540758619449,50.99610894941634,61.4860504828016,5,60.4,0.3916990920881971,3,0
C:\Users\shiva\OneDrive\Desktop\MASK-R-CNN-Vision-Biology-Lab\image and seg data\C1-C30000.png_cell_31,31,658.0,93.84062043356596,0.9705014749262536,0.7861409796893668,30.7355623100304,78.0,0.0,0.5074526138182672,31.216443749372573,26.898574786192345,0.2886289399658288,0.9389749724153178,14.492005334141306,324.4456869009585,0.0672391892175436,0.041487440617318,0.2266958888097944,51.44984802431611,57.3150567382998,20,13.1,0.3981762917933131,4,0
C:\Users\shiva\OneDrive\Desktop\MASK-R-CNN-Vision-Biology-Lab\image and seg data\C1-C30000.png_cell_32,32,1747.0,156.12489168102783,0.9732590529247912,0.7743794326241135,62.25414997137951,219.0,1.0,0.2195811457337464,47.84173732486823,46.67412334898968,1.3640067584037645,0.900655009355227,37.78812348754822,696.9588235294119,0.0528494562242111,0.0235844943490934,0.7560920438944996,102.36748712077848,71.84224134279162,35,8.2,0.164281625643961,0,0
C:\Users\shiva\OneDrive\Desktop\MASK-R-CNN-Vision-Biology-Lab\image and seg data\C1-C30000.png_cell_33,33,1746.0,157.6812408671319,0.9754189944134078,0.7126530612244898,71.1368843069874,177.0,8.0,0.6047082902162474,53.14273644765751,42.32537501509316,0.8529489960479476,0.8824580018192733,26.95605737138732,728.9664113140836,0.0526328076279932,0.0237068859044094,0.4898085382917292,107.01660939289803,79.44166539814594,52,12.846153846153848,0.3825887743413516,0,0
C:\Users\shiva\OneDrive\Desktop\MASK-R-CNN-Vision-Biology-Lab\image and seg data\C1-C30000.png_cell_34,34,1740.0,154.02438661763952,0.9802816901408452,0.7555362570560139,75.1448275862069,255.0,2.0,0.4267674207956623,49.579404785362605,44.83770065576514,-1.0555985364997351,0.921679942262744,41.61761828128869,808.971647962197,0.0453181736869821,0.0230133015224786,0.7664760356865453,112.58505747126436,67.97033621711539,27,8.185185185185185,0.1270114942528735,0,0
C:\Users\shiva\OneDrive\Desktop\MASK-R-CNN-Vision-Biology-Lab\image and seg data\C1-C30000.png_cell_35,35,1384.0,144.53910524340094,0.9671558350803634,0.6888999502239921,67.91401734104046,255.0,8.0,0.7408191220271011,51.49354847005243,34.58845179759089,0.5329886510248908,0.8324827252633394,32.366854523142074,710.010486891386,0.0579527323545748,0.0262011721833598,0.6622723178961152,125.53973988439306,62.43416082031344,47,6.553191489361702,0.222543352601156,0,0
C:\Users\shiva\OneDrive\Desktop\MASK-R-CNN-Vision-Biology-Lab\image and seg data\C1-C30000.png_cell_36,36,1198.0,142.46803743153546,0.9366692728694292,0.6582417582417582,61.13272120200334,196.0,4.0,0.7750504290345637,50.28856180789964,31.777311266609303,0.1036456551848541,0.7417060109365514,27.879928235885604,646.8481675392668,0.0501240936084337,0.0272329607928922,0.5730559391543785,130.35642737896495,58.17283500634244,30,14.566666666666666,0.3647746243739566,1,0
C:\Users\shiva\OneDrive\Desktop\MASK-R-CNN-Vision-Biology-Lab\image and seg data\C1-C30000.png_cell_37,37,1141.0,127.39696961967,0.966130397967824,0.7521423862887278,55.685363716038566,184.0,4.0,0.4590079288707243,40.51404658806028,35.99398233809006,0.2695952931394984,0.8834405168602043,27.13200188628977,576.8899999999999,0.0535258466031723,0.0293313923725485,0.6124201018549494,128.36371603856267,53.69313570571309,29,10.96551724137931,0.2787028921998247,4,0
C:\Users\shiva\OneDrive\Desktop\MASK-R-CNN-Vision-Biology-Lab\image and seg data\C1-C30000.png_cell_38,38,1603.0,156.02438661763952,0.9679951690821256,0.685042735042735,75.9195258889582,193.0,4.0,0.5112638536880517,49.35256042492324,42.41476513225709,-0.0507147851923996,0.8274817391808852,31.305256762411265,800.3726627981948,0.0494605742469885,0.0237026130814336,0.5859953563715825,133.87585776668746,48.72477578203829,33,18.696969696969692,0.3849033063006862,0,0
C:\Users\shiva\OneDrive\Desktop\MASK-R-CNN-Vision-Biology-Lab\image and seg data\C1-C30000.png_cell_39,39,386.0,92.01219330881976,0.932367149758454,0.6185897435897436,27.83419689119171,85.0,0.0,0.9113610117030744,36.52335475921136,15.033303261389234,-0.1435582746926333,0.572936383477418,15.258004660515123,308.62790697674416,0.0810190670275166,0.0495040301335069,0.3429832106986156,134.8523316062176,89.39319350130226,18,6.611111111111111,0.3082901554404145,1,0
C:\Users\shiva\OneDrive\Desktop\MASK-R-CNN-Vision-Biology-Lab\image and seg data\C1-C30000.png_cell_40,40,478.0,100.18376618407356,0.8770642201834863,0.5975,58.91422594142259,152.0,9.0,0.936310606289057,43.422856257729606,15.248933007914877,-1.3277607882876632,0.5984709199845576,25.229469190100343,594.7227074235809,0.0469332186282558,0.038535726189351,0.5193163020610404,130.89539748953976,71.39056401734,22,6.227272727272728,0.2866108786610878,1,0
C:\Users\shiva\OneDrive\Desktop\MASK-R-CNN-Vision-Biology-Lab\image and seg data\C1-C30000.png_cell_41,41,1517.0,155.9827560572969,0.9668578712555768,0.7735849056603774,65.10019775873434,196.0,9.0,0.7017015129481199,53.26971177007162,37.95312709065775,0.2148134828889293,0.7835058899151317,30.084749222076333,696.3633879781421,0.0433375149710177,0.0247932942798928,0.6177004873134113,146.24719841793012,71.81469010982518,45,9.955555555555556,0.2953197099538563,0,0
C:\Users\shiva\OneDrive\Desktop\MASK-R-CNN-Vision-Biology-Lab\image and seg data\C1-C30000.png_cell_42,42,687.0,106.5685424949238,0.9410958904109588,0.6155913978494624,52.0509461426492,153.0,0.0,0.8139876693579544,39.46619541613392,22.92520851170327,0.5226120042370835,0.7601661888414767,24.81656771819,449.5507692307693,0.0602223665814452,0.0354347470962493,0.6297559093329346,139.58806404657932,55.304729886216286,19,12.578947368421051,0.3478893740902474,1,0
C:\Users\shiva\OneDrive\Desktop\MASK-R-CNN-Vision-Biology-Lab\image and seg data\C1-C30000.png_cell_43,43,2006.0,173.4386001800126,0.9695505074915418,0.7143874643874644,85.63958125623131,255.0,5.0,0.6216727911810909,57.335750766126615,44.90977785315837,0.874176975702954,0.8380101393496997,40.29293544387248,926.1299897645856,0.0432215585626702,0.0208448432491466,0.7128917380436821,149.52193419740777,46.30903190467014,48,9.125,0.2183449651046859,0,0
C:\Users\shiva\OneDrive\Desktop\MASK-R-CNN-Vision-Biology-Lab\image and seg data\C1-C30000.png_cell_44,44,1437.0,154.50966799187808,0.9466403162055336,0.6245110821382008,80.23729993041057,255.0,2.0,0.7513773717166119,53.55387416254569,35.33874217944712,0.0495161741779157,0.7564066067953653,48.4496745891715,794.0921625544269,0.0529627596093061,0.0253472412141843,0.833998041769837,157.89631176061238,47.73042263986916,11,16.545454545454547,0.1266527487821851,1,0
C:\Users\shiva\OneDrive\Desktop\MASK-R-CNN-Vision-Biology-Lab\image and seg data\C1-C30000.png_cell_45,45,2054.0,168.75230867899737,0.9827751196172247,0.7322638146167558,83.15920155793573,255.0,15.0,0.5362880490665941,55.87481956091987,47.16030489052342,0.9871569353798756,0.9063811337401008,39.83597663683904,850.4792810783824,0.0544553380564663,0.0212372531753901,0.7322986627560475,155.0097370983447,53.38531739589878,53,9.433962264150944,0.243427458617332,0,0
C:\Users\shiva\OneDrive\Desktop\MASK-R-CNN-Vision-Biology-Lab\image and seg data\C1-C30000.png_cell_46,46,898.0,119.9827560572969,0.9286452947259566,0.6578754578754579,39.70824053452116,115.0,0.0,0.7390059211158276,42.09167454391508,28.35711611065971,0.5151138532110602,0.7838781037771843,19.504940811444573,406.6756126021004,0.0646761158043314,0.0338691371614935,0.4476881388752858,148.0489977728285,59.37826778532641,25,12.44,0.3463251670378619,4,0
C:\Users\shiva\OneDrive\Desktop\MASK-R-CNN-Vision-Biology-Lab\image and seg data\C1-C30000.png_cell_47,47,1628.0,151.6812408671319,0.975434391851408,0.7178130511463845,87.28378378378379,255.0,6.0,0.5995193773667967,50.95631831738201,40.78341123406205,-0.0040913226005596,0.8892021801723118,36.34981295211155,900.1404066073698,0.0420365189642518,0.0233432948803987,0.6568022708321748,157.53501228501227,52.79382486452202,48,7.791666666666667,0.2297297297297297,0,0
C:\Users\shiva\OneDrive\Desktop\MASK-R-CNN-Vision-Biology-Lab\image and seg data\C1-C30000.png_cell_48,48,1909.0,173.3380951166243,0.9545,0.6674825174825175,40.06600314300681,177.0,0.0,0.7278176259928524,60.31966528469928,41.36546129890903,0.8232147311342639,0.7984132822661547,25.19495159676481,461.9994571118349,0.0637416422332604,0.0279205013477172,0.6372724554940622,155.1168150864327,60.13778713814073,50,8.9,0.2331063383970665,0,0
C:\Users\shiva\OneDrive\Desktop\MASK-R-CNN-Vision-Biology-Lab\image and seg data\C1-C30000.png_cell_49,49,1001.0,119.39696961967,0.9671497584541064,0.7398373983739838,26.925074925074924,85.0,0.0,0.6141669380775651,40.295876210165694,31.800543847012317,0.2788402305521862,0.8823834076776228,13.962321948200286,266.96631578947364,0.0930278007014474,0.0378142419930232,0.2896633313913574,157.73826173826174,59.72218957146888,18,22.666666666666668,0.4075924075924076,4,0
C:\Users\shiva\OneDrive\Desktop\MASK-R-CNN-Vision-Biology-Lab\image and seg data\C1-C30000.png_cell_50,50,1493.0,151.4386001800126,0.9342928660826032,0.6653297682709447,68.71064969859344,250.0,2.0,0.6018886161635808,49.5087039161074,39.5366631704807,-0.1841823610282563,0.8180813622970071,39.56466893467085,655.6914008321778,0.0501604896604554,0.0251620007718817,0.7919644603637246,164.45478901540525,52.66949118448084,21,10.095238095238097,0.1419959812458138,0,0
C:\Users\shiva\OneDrive\Desktop\MASK-R-CNN-Vision-Biology-Lab\image and seg data\C1-C30000.png_cell_51,51,956.0,129.3319984622144,0.911344137273594,0.5857843137254902,56.43200836820084,155.0,5.0,0.7731184901823727,45.01506946879556,28.55133079815005,0.3062396921583099,0.7182171635647802,25.706310797057384,558.6773127753304,0.0547410481602545,0.0301810343745478,0.5775938023910833,163.7133891213389,43.58129830567289,32,10.65625,0.356694560669456,1,0
C:\Users\shiva\OneDrive\Desktop\MASK-R-CNN-Vision-Biology-Lab\image and seg data\C1-C30000.png_cell_52,52,2128.0,184.7106781186548,0.9743589743589745,0.7794871794871795,84.92528195488721,234.0,1.0,0.8370524889429676,70.90514297160894,38.79380561378461,0.0060210387284537,0.7837859645846338,30.281131993499173,887.9854227405247,0.0411234092436013,0.0216897124593446,0.51229569264077,179.0874060150376,54.58261268930487,52,15.038461538461538,0.3674812030075188,0,0
C:\Users\shiva\OneDrive\Desktop\MASK-R-CNN-Vision-Biology-Lab\image and seg data\C1-C30000.png_cell_53,53,2049.0,177.78174593052023,0.9738593155893536,0.7302209550962224,81.34895070766227,253.0,9.0,0.7460864185901421,63.69322125869271,42.41007558288864,0.3460969344088316,0.8146620553107872,36.33718710277033,859.9502012072435,0.0503255181946347,0.0214034057458684,0.6743494671040663,174.42996583699366,51.0774815734209,65,8.353846153846154,0.2650073206442166,0,0
C:\Users\shiva\OneDrive\Desktop\MASK-R-CNN-Vision-Biology-Lab\image and seg data\C1-C30000.png_cell_54,54,2442.0,196.0243866176395,0.9705882352941176,0.7602739726027398,40.11056511056511,128.0,0.0,0.8182678533211546,74.24255052095945,42.67737429044978,-0.0975480109682301,0.7986110526798923,22.747358545793205,411.5095298602287,0.0704947181085634,0.02623100960472,0.5993024361810662,185.03276003276,63.00701879184644,51,16.313725490196077,0.3407043407043407,0,0
C:\Users\shiva\OneDrive\Desktop\MASK-R-CNN-Vision-Biology-Lab\image and seg data\C1-C30000.png_cell_55,55,2848.0,204.55129855222071,0.9776862341228972,0.7037311588831233,66.10147471910112,255.0,0.0,0.6414554270866488,69.04937537701848,52.97193994150044,-0.4759725349018426,0.8553529690974253,42.96680058930829,690.4117435158502,0.0506760955073629,0.0211173156876182,0.8144605891228229,183.7629915730337,52.7206524342097,30,12.233333333333333,0.1288623595505618,0,0
C:\Users\shiva\OneDrive\Desktop\MASK-R-CNN-Vision-Biology-Lab\image and seg data\C1-C30000.png_cell_56,56,1262.0,154.46803743153546,0.9293078055964654,0.6566077003121749,57.80427892234548,219.0,4.0,0.8979268540630246,62.53887666128615,27.526155661580702,0.1697084826903226,0.6646483967326366,30.421558177977754,635.6933333333332,0.0540720002465833,0.027252675709613,0.6590762461003231,181.3272583201268,58.534359177022566,40,8.175,0.2591125198098257,1,0
C:\Users\shiva\OneDrive\Desktop\MASK-R-CNN-Vision-Biology-Lab\image and seg data\C1-C30000.png_cell_57,57,2262.0,180.06601717798213,0.9796448679081854,0.7222222222222222,88.56498673740053,255.0,16.0,0.6539515828603474,61.80715815296949,46.75936503559131,0.5959060909461532,0.8766756566007895,34.948882381703584,920.458919655016,0.0454100064498697,0.020484610475799,0.6213353475781219,180.8709106984969,50.842242467392325,58,11.0,0.282051282051282,0,0
C:\Users\shiva\OneDrive\Desktop\MASK-R-CNN-Vision-Biology-Lab\image and seg data\C1-C30000.png_cell_58,58,791.0,113.39696961967,0.936094674556213,0.6591666666666667,19.59544879898862,91.0,0.0,0.7425043720497971,39.09287309273811,26.186017732088345,0.2318157554713108,0.7730070413815857,14.898414700097332,198.87186629526465,0.1186427038065051,0.0512584017258438,0.5589559771358121,175.25537294563844,59.05604230200447,21,7.190476190476191,0.1908975979772439,4,0
C:\Users\shiva\OneDrive\Desktop\MASK-R-CNN-Vision-Biology-Lab\image and seg data\C1-C30000.png_cell_59,59,561.0,95.76955262170046,0.9257425742574258,0.7622282608695652,40.2602495543672,97.0,5.0,0.6953129422743033,32.06711389136327,23.04686280313433,0.1560633651255195,0.7686308438167572,15.303000507634216,380.5265151515151,0.0608030526578003,0.0428340260526463,0.1767500177555848,173.67201426024957,51.04953002493324,13,18.307692307692307,0.4242424242424242,4,0
C:\Users\shiva\OneDrive\Desktop\MASK-R-CNN-Vision-Biology-Lab\image and seg data\C1-C30000.png_cell_60,60,2881.0,235.33809511662423,0.9455201837873318,0.6884109916367981,53.08781673030198,159.0,2.0,0.9149619330313472,96.43976602899804,38.91731865800198,-0.1250214561184185,0.6536852035131576,21.84592145130662,516.9332855093256,0.0532372297219264,0.0238461551486293,0.4550681200158519,204.99409927108644,51.627512070243895,87,12.367816091954024,0.3734814300590073,1,0
C:\Users\shiva\OneDrive\Desktop\MASK-R-CNN-Vision-Biology-Lab\image and seg data\C1-C30000.png_cell_61,61,1756.0,162.61017305526642,0.9755555555555556,0.7208538587848933,90.01708428246013,255.0,9.0,0.7009433535615192,56.74372096111888,40.47058348935235,0.0759486469285276,0.8345242316451127,48.85254816397632,945.9935217903416,0.0512794241938238,0.021845979965832,0.8020611555420111,186.05865603644648,54.199743531557,23,12.304347826086955,0.1611617312072893,0,0
C:\Users\shiva\OneDrive\Desktop\MASK-R-CNN-Vision-Biology-Lab\image and seg data\C1-C30000.png_cell_62,62,1926.0,179.1370849898476,0.966867469879518,0.6253246753246753,76.1656282450675,255.0,8.0,0.8044082442354277,64.82407750467605,38.51048774546855,0.2142410920216963,0.7542149575543236,39.20138757021,823.109375,0.0549501770233891,0.0223388065103748,0.733859365851456,197.6391484942887,51.88978841413191,44,8.409090909090908,0.1921079958463136,0,0
C:\Users\shiva\OneDrive\Desktop\MASK-R-CNN-Vision-Biology-Lab\image and seg data\C1-C30000.png_cell_63,63,1137.0,137.1543289325507,0.959493670886076,0.6958384332925337,66.04045734388743,187.0,9.0,0.6536850544136315,45.03771779700845,34.08304541221836,1.3838775375404913,0.7595411181011846,29.151231834502926,687.2056414922658,0.0460705188521786,0.0272063992497289,0.5833082362744404,183.27968337730871,46.31005759506478,46,7.239130434782608,0.2928759894459103,1,0
C:\Users\shiva\OneDrive\Desktop\MASK-R-CNN-Vision-Biology-Lab\image and seg data\C1-C30000.png_cell_64,64,1910.0,165.58073580374355,0.9820051413881749,0.6935366739288308,50.29685863874346,200.0,0.0,0.7134731889501345,59.07478319790884,41.39266858412597,0.7610377861018253,0.8754344137374149,33.74080973303323,554.7413606911447,0.0620009864670913,0.025054228419266,0.7576626677207261,192.64921465968587,49.38181277773125,33,9.575757575757576,0.1654450261780104,0,0
C:\Users\shiva\OneDrive\Desktop\MASK-R-CNN-Vision-Biology-Lab\image and seg data\C1-C30000.png_cell_65,65,1699.0,160.8528137423857,0.9507554560716284,0.6864646464646464,76.30135373749265,215.0,12.0,0.6400295517330193,53.77960037614358,41.321571711865886,-0.1995300418050156,0.8251747273538691,28.491066171882665,762.8619221411192,0.0499659454649631,0.023412566002333,0.5218088062428737,193.1577398469688,53.9919036565316,33,19.33333333333333,0.3755150088287228,0,0
C:\Users\shiva\OneDrive\Desktop\MASK-R-CNN-Vision-Biology-Lab\image and seg data\C1-C30000.png_cell_66,66,1922.0,175.5685424949238,0.9663147310206134,0.7822547822547823,52.53225806451613,247.0,1.0,0.7534644424938669,61.82522331931116,40.649383040181874,0.1554005018823376,0.7835556377732108,33.99314753129353,519.8203335126412,0.065809753632298,0.0267856794072584,0.776994816419919,199.5728407908429,56.56629796423461,19,11.421052631578949,0.1129032258064516,0,0
C:\Users\shiva\OneDrive\Desktop\MASK-R-CNN-Vision-Biology-Lab\image and seg data\C1-C30000.png_cell_67,67,1505.0,161.88225099390857,0.9697164948453608,0.7355816226783969,13.438538205980066,60.0,0.0,0.892574382688425,65.38131019524329,29.480444466385187,0.1349397496850397,0.7216853587214499,9.875455825605746,133.34001542020047,0.1347223747809218,0.0568564350488407,0.2758789924802857,205.9873754152824,51.616313130135,58,8.775862068965518,0.3382059800664452,4,0
C:\Users\shiva\OneDrive\Desktop\MASK-R-CNN-Vision-Biology-Lab\image and seg data\C1-C30000.png_cell_68,68,1892.0,180.6101730552664,0.9087415946205571,0.7007407407407408,72.93498942917547,255.0,6.0,0.744152342774398,61.57809831274986,41.13478225720444,1.559009090706592,0.728864131686458,36.33581192392893,756.7223427331887,0.0469325040101532,0.0233598237998262,0.7134054177106869,195.30602536997887,52.40700277654255,53,8.60377358490566,0.241014799154334,1,0
C:\Users\shiva\OneDrive\Desktop\MASK-R-CNN-Vision-Biology-Lab\image and seg data\C1-C30000.png_cell_69,69,2182.0,175.19595949289334,0.97847533632287,0.7812388113139993,94.42804766269478,255.0,11.0,0.5645276459371237,58.12105595355924,47.97394262906579,-0.223787195172849,0.8933392968403683,40.76208161582187,964.5002352941171,0.0468878424830027,0.0209609952483012,0.7092290315305498,203.05728689275887,51.565837178859695,61,7.885245901639344,0.2204399633363886,0,0
C:\Users\shiva\OneDrive\Desktop\MASK-R-CNN-Vision-Biology-Lab\image and seg data\C1-C30000.png_cell_70,70,1695.0,159.5685424949238,0.9597961494903736,0.7676630434782609,52.63834808259587,215.0,2.0,0.5163128796638718,50.77757878861044,43.48591996555552,-1.16221348413861,0.8365367218898134,28.94755004000108,546.7665251667679,0.060244806117399,0.0270999429611938,0.6731896927821542,199.1504424778761,52.25077708051534,48,7.3125,0.2070796460176991,0,0
C:\Users\shiva\OneDrive\Desktop\MASK-R-CNN-Vision-Biology-Lab\image and seg data\C1-C30000.png_cell_71,71,2589.0,201.58073580374355,0.9725770097670924,0.7309429700734048,83.91270760911549,255.0,13.0,0.8052194925323218,74.77723343211706,44.34116985879442,-0.1409940673241057,0.8006521279141794,33.08890065316141,918.1500796178342,0.0461763975619147,0.0204037691540437,0.5753368512459888,213.50212437234453,51.28058173592326,63,15.412698412698411,0.3750482811896485,0,0
C:\Users\shiva\OneDrive\Desktop\MASK-R-CNN-Vision-Biology-Lab\image and seg data\C1-C30000.png_cell_72,72,1815.0,170.50966799187808,0.9784366576819408,0.6859410430839002,25.21432506887052,105.0,0.0,0.827182270437589,64.73357650572804,36.37597863690236,0.4040361268211309,0.78449192182228,14.38191448361064,256.9519675925926,0.0740156593251227,0.036267227677508,0.3566825471831649,212.8181818181818,54.42248617853911,62,10.016129032258064,0.3421487603305785,4,0
C:\Users\shiva\OneDrive\Desktop\MASK-R-CNN-Vision-Biology-Lab\image and seg data\C1-C30000.png_cell_73,73,2176.0,172.2670273047588,0.983280614550384,0.7757575757575758,80.76240808823529,255.0,8.0,0.3448679337448089,54.37548475474363,51.0396149718374,-0.0732285488734052,0.921434430463019,38.23653024185648,838.5572842998585,0.0421486814923822,0.0213885831630622,0.7126936886135166,214.2596507352941,50.67140835962002,47,7.617021276595745,0.1645220588235294,0,0
C:\Users\shiva\OneDrive\Desktop\MASK-R-CNN-Vision-Biology-Lab\image and seg data\C1-C30000.png_cell_74,74,1917.0,174.40916292848976,0.9438700147710488,0.6498305084745762,78.12780386019823,255.0,8.0,0.7334017459107379,60.57618843449131,41.17941840131152,0.5409081323484752,0.7919420099332544,41.73460931950572,809.4892357373518,0.0416065921836781,0.0216191579853551,0.769808735082273,217.0052164840897,50.72371883857657,24,8.125,0.1017214397496087,0,0
C:\Users\shiva\OneDrive\Desktop\MASK-R-CNN-Vision-Biology-Lab\image and seg data\C1-C30000.png_cell_75,75,1697.0,165.36753236814712,0.9603848330503678,0.6766347687400319,84.12197996464349,240.0,9.0,0.6672019651639364,55.00696060313568,40.97341213348504,-0.386279936974747,0.7798143354309398,36.46677155043102,854.8353658536583,0.0476112615407918,0.0223498692781844,0.6745162403662925,218.29817324690632,46.67412301526296,41,14.731707317073171,0.3559222156747201,0,0
C:\Users\shiva\OneDrive\Desktop\MASK-R-CNN-Vision-Biology-Lab\image and seg data\C1-C30000.png_cell_76,76,2511.0,202.06601717798213,0.9573008006099886,0.7219666474985624,74.89406610911988,255.0,0.0,0.835989540756764,76.7104256214212,42.09449135521411,-0.2740898799911335,0.772805161370136,48.30164503839372,768.5156378600823,0.0576936230714888,0.0202964531615764,0.8362091372077342,234.74551971326164,53.42319000249627,34,12.529411764705882,0.1696535244922341,0,0
C:\Users\shiva\OneDrive\Desktop\MASK-R-CNN-Vision-Biology-Lab\image and seg data\C1-C30000.png_cell_77,77,2548.0,206.20815280171308,0.9629629629629628,0.6553497942386831,71.43916797488227,239.0,4.0,0.8640530674925894,80.56985430642308,40.55892360125683,-0.2583650012078363,0.7530045907536845,30.030789871081424,780.0839075800567,0.0474846880780793,0.021517972338852,0.5639653909778575,240.0333594976452,48.64094967273622,68,11.882352941176473,0.3171114599686028,0,0
C:\Users\shiva\OneDrive\Desktop\MASK-R-CNN-Vision-Biology-Lab\image and seg data\C1-C30000.png_cell_78,78,2137.0,173.1959594928933,0.9811753902662994,0.7914814814814815,58.64436125409453,187.0,0.0,0.6598392194485951,60.252459853577264,45.27410906871809,0.1855195264977365,0.8952387537660462,28.53450418582873,610.8134939759037,0.0506824168261645,0.0234293209830009,0.6242248799514463,233.6172204024333,52.520327860488194,61,11.655737704918034,0.3327094057089377,0,0
C:\Users\shiva\OneDrive\Desktop\MASK-R-CNN-Vision-Biology-Lab\image and seg data\C1-C30000.png_cell_79,79,1633.0,151.88225099390854,0.9720238095238096,0.7732007575757576,47.44458052663809,237.0,0.0,0.4284922455465821,48.15108178394296,43.506691265891135,-0.1896293434327668,0.8895738311780514,32.47791877449406,477.9551484523057,0.0645223084438279,0.0273794477988241,0.7710502937236833,229.59032455603185,55.08462906963889,26,11.807692307692308,0.1879975505205144,0,0
C:\Users\shiva\OneDrive\Desktop\MASK-R-CNN-Vision-Biology-Lab\image and seg data\C1-C30000.png_cell_80,80,1330.0,152.8528137423857,0.93006993006993,0.59375,83.1593984962406,212.0,9.0,0.7047901529428885,49.85355474463295,35.366901636523494,0.0662317915366229,0.7153434906155265,26.378366157553288,824.3681318681316,0.0437960873872366,0.025233983368412,0.3948833845693658,234.76165413533835,46.50792600578551,23,27.043478260869566,0.4676691729323308,1,0
C:\Users\shiva\OneDrive\Desktop\MASK-R-CNN-Vision-Biology-Lab\image and seg data\C1-C30000.png_cell_81,81,816.0,106.66904755831214,0.9656804733727812,0.7741935483870968,18.12745098039216,94.0,0.0,0.4744223360457016,34.5100106795841,30.379071393560626,-1.524767129036111,0.9012041607472508,17.401781274964776,199.1068376068376,0.1251455115939651,0.051852634539035,0.6828796404925949,222.29656862745097,51.537111945620246,17,8.352941176470589,0.1740196078431372,4,0
C:\Users\shiva\OneDrive\Desktop\MASK-R-CNN-Vision-Biology-Lab\image and seg data\C1-C30000.png_cell_82,82,1228.0,140.22539674441617,0.946070878274268,0.7223529411764706,37.54397394136808,136.0,0.0,0.768355466904513,50.20526993143975,32.1325445758785,1.4047154233898522,0.78479255773255,22.728439069016133,441.0859574468085,0.0686426173319404,0.0302337356056708,0.5670482821968997,226.66938110749183,53.65529905297884,14,35.07142857142857,0.3998371335504886,4,0
C:\Users\shiva\OneDrive\Desktop\MASK-R-CNN-Vision-Biology-Lab\image and seg data\C1-C30000.png_cell_83,83,2382.0,264.16652224137044,0.8044579533941236,0.5750845002414292,61.90470193115029,241.0,0.0,0.9398438276886162,104.3150953698304,35.63449761930866,-0.1374916462350478,0.4289395222186841,40.75144997156801,665.0387494495817,0.057221771992084,0.0229924693801015,0.8001098500393958,254.4487825356843,52.93002060311376,30,12.466666666666669,0.1570109151973132,1,0
C:\Users\shiva\OneDrive\Desktop\MASK-R-CNN-Vision-Biology-Lab\image and seg data\C1-C30000.png_cell_84,84,2429.0,187.8233764908628,0.9774647887323944,0.7216280451574569,103.9687114038699,255.0,11.0,0.6634187828971628,64.51837800748547,48.275766664856974,0.0473130948169563,0.8652429945042794,48.92170176189525,1118.2251375370292,0.0515265220629302,0.026514519990713,0.7626340000114112,246.61383285302597,55.604776414615415,69,6.376811594202898,0.1811445039110745,0,0
C:\Users\shiva\OneDrive\Desktop\MASK-R-CNN-Vision-Biology-Lab\image and seg data\C1-C30000.png_cell_85,85,2055.0,168.0243866176395,0.98043893129771,0.7949709864603481,89.63406326034064,255.0,4.0,0.5144033012500536,55.26863329232601,47.39552757697667,0.0236672870226451,0.9146965750084876,34.780023460434975,986.2644999999998,0.0440976690329187,0.0212661703181367,0.5802673367926713,243.27299270072996,46.4381230765893,51,13.84313725490196,0.3435523114355231,0,0
C:\Users\shiva\OneDrive\Desktop\MASK-R-CNN-Vision-Biology-Lab\image and seg data\C1-C30000.png_cell_86,86,2269.0,179.095454429505,0.9763339070567988,0.7523209549071618,110.05200528867344,255.0,13.0,0.5483872977156272,58.860024593334494,49.22019313290605,0.4590571277513489,0.8889456996428131,47.6866233121595,1136.7734056987788,0.0450870992788341,0.0192340399592627,0.7468931540787644,243.43719700308503,52.81329435783782,57,9.807017543859647,0.2463640370207139,0,0
C:\Users\shiva\OneDrive\Desktop\MASK-R-CNN-Vision-Biology-Lab\image and seg data\C1-C30000.png_cell_87,87,2080.0,175.9827560572969,0.9746954076850984,0.8,69.21298076923077,223.0,4.0,0.6543059100250848,59.46885248037693,44.97212886453114,-0.7938291265841819,0.8439815819847949,33.366990896687554,733.6891625615764,0.0498251640609869,0.0214271558334301,0.6668033398969416,241.18076923076924,46.79137557205648,41,17.195121951219512,0.3389423076923077,0,0
C:\Users\shiva\OneDrive\Desktop\MASK-R-CNN-Vision-Biology-Lab\image and seg data\C1-C30000.png_cell_88,88,1291.0,141.67514421272202,0.9677661169415293,0.7232492997198879,38.04802478698683,160.0,0.0,0.8096040422888715,53.08096503645844,31.15727379061053,0.327353262742986,0.8082557064733834,22.360212507481027,389.45189975747775,0.0750881293652966,0.0314552570062145,0.6096323534795773,241.96127033307516,48.44881340389985,24,17.208333333333332,0.3199070487993803,4,0
C:\Users\shiva\OneDrive\Desktop\MASK-R-CNN-Vision-Biology-Lab\image and seg data\C1-C30000.png_cell_89,89,1870.0,175.78174593052023,0.96640826873385,0.7192307692307692,37.380748663101606,190.0,0.0,0.824212148596281,65.6986075608142,37.2038826520139,0.3702403351888487,0.7605082385225913,23.665820780955283,438.6385341476956,0.0752404796425264,0.0313825141571872,0.6114937756714236,253.7117647058824,59.52028938542448,57,4.859649122807017,0.1481283422459893,0,0
C:\Users\shiva\OneDrive\Desktop\MASK-R-CNN-Vision-Biology-Lab\image and seg data\C1-C30000.png_cell_90,90,2680.0,205.4386001800126,0.9741912031988368,0.7990459153249851,69.53246268656716,255.0,2.0,0.8318901444198821,78.60846857380925,43.62301074877132,0.0181499268100254,0.7979589747420598,46.71392444677237,781.6525749423521,0.048528983288878,0.0209850551361813,0.8226642871454121,258.6231343283582,54.504042666697146,24,13.75,0.1231343283582089,0,0
C:\Users\shiva\OneDrive\Desktop\MASK-R-CNN-Vision-Biology-Lab\image and seg data\C1-C30000.png_cell_91,91,2194.0,208.09545442950497,0.8651419558359621,0.6133631534805704,71.79170464904284,255.0,0.0,0.8746507366307442,78.53962165501396,38.072367272327256,-0.2294928411929905,0.6366801351725463,41.29525394817003,786.9811320754716,0.0562956227747733,0.0221271166572338,0.7699024072770015,259.2292616226071,49.790838959873966,32,10.1875,0.1485870556061987,1,0
C:\Users\shiva\OneDrive\Desktop\MASK-R-CNN-Vision-Biology-Lab\image and seg data\C1-C30000.png_cell_92,92,1167.0,128.46803743153546,0.9684647302904564,0.731203007518797,15.171379605826909,72.0,0.0,0.5300143549837001,42.0412398738114,35.650495062513315,0.1888767755646596,0.8885677380327887,11.076803002823262,169.2909952606635,0.1097653680247156,0.0518388963559253,0.2815964176843915,250.675235646958,52.01900166916065,44,6.795454545454546,0.2562125107112253,4,0
C:\Users\shiva\OneDrive\Desktop\MASK-R-CNN-Vision-Biology-Lab\image and seg data\C1-C30000.png_cell_93,93,2263.0,178.02438661763952,0.9826313504125054,0.7827741265997925,70.46928855501547,217.0,4.0,0.5913640934887694,59.87907386090532,48.28676543286094,0.3943587596975703,0.8972953596477051,35.681816837573244,784.25499092559,0.0467018746151136,0.0213272771542546,0.6936622076693438,262.1184268669907,52.63868385626292,50,12.74,0.2814847547503314,0,0
C:\Users\shiva\OneDrive\Desktop\MASK-R-CNN-Vision-Biology-Lab\image and seg data\C1-C30000.png_cell_94,94,3289.0,235.9655121145938,0.914627363737486,0.6852083333333333,74.32350258437215,255.0,2.0,0.6968217722176606,78.36959258965123,56.210145319983134,-0.3259618898831967,0.7422952341068177,37.72568167501283,798.2956955708047,0.051601876914091,0.0189049922678548,0.7193902027853224,275.02736394040744,56.94931081087866,80,11.0,0.2675585284280936,0,0
C:\Users\shiva\OneDrive\Desktop\MASK-R-CNN-Vision-Biology-Lab\image and seg data\C1-C30000.png_cell_95,95,2001.0,168.4680374315355,0.9756216479765968,0.8032918506623846,26.454772613693155,89.0,0.0,0.4996340419438499,54.38595194559474,47.11110137756826,0.0935753092330263,0.8859759223901814,13.60395327426647,278.00103199174407,0.077683577053546,0.0357045281568755,0.2416229511386599,260.9245377311344,50.152948137037285,51,15.0,0.3823088455772114,4,0
C:\Users\shiva\OneDrive\Desktop\MASK-R-CNN-Vision-Biology-Lab\image and seg data\C1-C30000.png_cell_96,96,1329.0,156.22539674441617,0.9319775596072932,0.6625124626121635,73.59142212189616,160.0,9.0,0.9004268335457721,63.2996425489054,27.535818701283656,0.2695109315063289,0.6842764166509477,26.60477876211963,741.1251968503938,0.0482691306431737,0.0251968503937007,0.465300941596466,268.90293453724604,46.89022206291584,28,20.571428571428573,0.4334085778781038,1,0
C:\Users\shiva\OneDrive\Desktop\MASK-R-CNN-Vision-Biology-Lab\image and seg data\C1-C30000.png_cell_97,97,2331.0,184.6101730552664,0.961237113402062,0.8018575851393189,87.52767052767052,255.0,9.0,0.4846283139428888,58.43800210860574,51.11689985775178,-0.1659429652975332,0.8594901001470405,34.55813476386338,917.3069132540728,0.0474533515609914,0.0211727261649868,0.6092667436812913,268.01415701415704,53.293813400615285,67,11.73134328358209,0.3371943371943371,0,0
C:\Users\shiva\OneDrive\Desktop\MASK-R-CNN-Vision-Biology-Lab\image and seg data\C1-C30000.png_cell_98,98,1895.0,185.1959594928933,0.951783023606228,0.6577577230128427,73.14564643799473,255.0,2.0,0.8379132492522153,67.9938789683353,37.11129251737544,0.4153199665414379,0.6943142261768024,31.20476083005197,763.613785557987,0.0466577071475236,0.0227830026509396,0.597232549011538,277.1160949868074,54.23750944743263,45,14.622222222222222,0.3472295514511873,1,0
C:\Users\shiva\OneDrive\Desktop\MASK-R-CNN-Vision-Biology-Lab\image and seg data\C1-C30000.png_cell_99,99,2389.0,186.3086578651014,0.9735126324368378,0.7178485576923077,18.655922980326498,109.0,0.0,0.6046798973969665,61.94377048709233,49.33626780463205,0.0982254208820197,0.8648881349486723,14.1837367396124,191.74347434743467,0.1059725739398557,0.0446860923487544,0.5234260831717215,276.04562578484723,53.781547343615046,119,3.260504201680672,0.162411050648807,4,0
C:\Users\shiva\OneDrive\Desktop\MASK-R-CNN-Vision-Biology-Lab\image and seg data\C1-C30000.png_cell_100,100,1293.0,139.19595949289334,0.9563609467455622,0.6855779427359491,20.25908739365816,79.0,0.0,0.5497930236257517,44.75206779555342,37.38144351456295,-0.4178819839704439,0.8386005268854786,13.065016953656162,212.01673640167365,0.1059169292095617,0.043558876778711,0.3582679007878358,271.73163186388246,60.18417382264188,51,7.980392156862745,0.3147718484145398,4,0
C:\Users\shiva\OneDrive\Desktop\MASK-R-CNN-Vision-Biology-Lab\image and seg data\C1-C30000.png_cell_101,101,2023.0,168.61017305526642,0.9763513513513512,0.7780769230769231,110.94957983193277,255.0,11.0,0.2735212113132835,51.897533009460666,49.918471002068,0.126717775386078,0.8942072743574834,46.41175329447228,1105.9969558599696,0.0486067612834106,0.0218752522955962,0.7409035598302628,276.926347009392,49.42576201036833,48,7.708333333333333,0.1828966880869995,0,0
C:\Users\shiva\OneDrive\Desktop\MASK-R-CNN-Vision-Biology-Lab\image and seg data\C1-C30000.png_cell_102,102,711.0,119.25483399593904,0.9660326086956522,0.7337461300309598,96.49507735583686,255.0,11.0,0.9088653236792597,48.341822680563936,20.16287664192243,0.0204451731571402,0.6282427425796463,45.3071364611012,982.3469696969696,0.042637409131102,0.030604560419279,0.7468137699288141,277.55555555555554,58.40605823303096,18,9.555555555555555,0.2419127988748242,1,0
C:\Users\shiva\OneDrive\Desktop\MASK-R-CNN-Vision-Biology-Lab\image and seg data\C1-C30000.png_cell_103,103,1446.0,145.6812408671319,0.9557171183079972,0.6706864564007421,67.30843706777317,243.0,0.0,0.5347902070327684,47.30151852816496,39.96906759440511,-0.4986490537813809,0.8561914625942095,37.54479516380345,735.0494269340975,0.0577133402337457,0.0242020714993211,0.7388992265382904,284.1410788381743,46.15111086369897,38,9.736842105263158,0.255878284923928,0,0
C:\Users\shiva\OneDrive\Desktop\MASK-R-CNN-Vision-Biology-Lab\image and seg data\C1-C30000.png_cell_104,104,1687.0,163.19595949289334,0.9728950403690888,0.6925287356321839,49.643746295198575,149.0,0.0,0.8417077363652431,63.22044469273982,34.13483024419375,0.4205534315224447,0.7959873072638466,25.47391812729296,481.0166256157636,0.0589996755468463,0.0257592372701378,0.622039731608105,290.1873147599289,53.78449274989805,17,38.64705882352941,0.3894487255483106,4,0
C:\Users\shiva\OneDrive\Desktop\MASK-R-CNN-Vision-Biology-Lab\image and seg data\C1-C30000.png_cell_105,105,1923.0,173.6812408671319,0.9491609081934848,0.6855614973262032,64.76859074362974,200.0,2.0,0.5682881134458482,56.31905289071454,46.340986140244986,-0.7454822639477457,0.8010937098761535,31.329344599135748,681.9539367970006,0.0544601093227414,0.0223648844093336,0.6501471762279208,286.6541861674467,46.495037283339926,31,25.32258064516129,0.4082163286531461,0,0
C:\Users\shiva\OneDrive\Desktop\MASK-R-CNN-Vision-Biology-Lab\image and seg data\C1-C30000.png_cell_106,106,794.0,105.7401153701776,0.9624242424242424,0.7351851851851852,21.065491183879093,89.0,0.0,0.5922057843023977,35.488068288564826,28.59581570687988,-1.2614876559190855,0.892382010181326,15.125444992452142,196.25506072874492,0.1043011318425878,0.0452846470595479,0.5766382673027419,283.8551637279597,46.99937190511627,28,5.321428571428571,0.1876574307304785,4,0
C:\Users\shiva\OneDrive\Desktop\MASK-R-CNN-Vision-Biology-Lab\image and seg data\C1-C30000.png_cell_107,107,1586.0,181.63961030678928,0.946865671641791,0.6478758169934641,90.81588902900378,255.0,11.0,0.9059090013887592,71.43485555529277,30.25069037013212,0.2274789234162897,0.6040764764276353,33.95784271288122,1059.392998678996,0.0396518760732792,0.0224230451740659,0.5177936088120798,301.3802017654477,45.91054131064435,26,24.115384615384617,0.3953341740226986,1,0
C:\Users\shiva\OneDrive\Desktop\MASK-R-CNN-Vision-Biology-Lab\image and seg data\C1-C30000.png_cell_108,108,1515.0,146.2670273047588,0.974903474903475,0.7007400555041629,122.74191419141914,255.0,9.0,0.6342004981545231,50.07947602259234,38.7198797938108,-0.7301958006935467,0.8898762723174914,54.583246069205,1367.6014986376022,0.0701180510553908,0.0454212072974649,0.7678657985609509,294.97359735973595,48.172246002739854,32,11.875,0.2508250825082508,0,0
C:\Users\shiva\OneDrive\Desktop\MASK-R-CNN-Vision-Biology-Lab\image and seg data\C1-C30000.png_cell_109,109,2870.0,232.5512985522207,0.931515741642324,0.5809716599190283,22.40801393728223,141.0,0.0,0.7975655417712012,79.29519400800574,47.83342218257158,0.6745938875071599,0.666890027130477,13.750834192996804,231.45165997811023,0.0951697251417145,0.0376739234592491,0.3805542741172832,314.6749128919861,51.43185357633699,80,10.6,0.2954703832752613,1,0
C:\Users\shiva\OneDrive\Desktop\MASK-R-CNN-Vision-Biology-Lab\image and seg data\C1-C30000.png_cell_110,110,952.0,124.2253967444162,0.9242718446601942,0.6592797783933518,30.84453781512605,163.0,0.0,0.7275535750878285,42.51653874944353,29.168508372080037,-0.7854690489430526,0.7752218901635806,25.79991270091084,314.0631929046564,0.0727131126736609,0.0367780319631892,0.7693970859118889,297.3382352941176,49.92867339344188,12,12.5,0.157563025210084,1,0
C:\Users\shiva\OneDrive\Desktop\MASK-R-CNN-Vision-Biology-Lab\image and seg data\C1-C30000.png_cell_111,111,1494.0,151.4386001800126,0.9485714285714286,0.6910268270120259,49.57898259705489,193.0,0.0,0.6045520604292405,49.750735444900585,39.62972602672885,1.0314421278251162,0.8186293069469045,33.63681307950583,528.3766504517025,0.0655576177367739,0.0280220224512243,0.767066661993412,305.54149933065594,58.51805278473766,18,18.22222222222222,0.2195448460508701,0,0
C:\Users\shiva\OneDrive\Desktop\MASK-R-CNN-Vision-Biology-Lab\image and seg data\C1-C30000.png_cell_112,112,2855.0,217.71677477306463,0.9212649241690868,0.7388716356107661,22.719789842381783,140.0,0.0,0.6083504499993417,69.15239417799602,54.88407879245706,-1.48647509538851,0.7568889978611929,16.684586381535176,229.12209516783471,0.0969143156873505,0.0374877270672547,0.5892242495053703,311.8984238178634,55.96709665876131,112,4.964285714285714,0.1947460595446584,0,0
C:\Users\shiva\OneDrive\Desktop\MASK-R-CNN-Vision-Biology-Lab\image and seg data\C1-C30000.png_cell_113,113,1781.0,163.82337649086287,0.949360341151386,0.6462264150943396,70.05446378439079,255.0,4.0,0.3324578689779203,49.49268609328456,46.67744846071506,-1.454093942137913,0.8339154843630309,33.387653151100466,779.7958357432043,0.0526361906337613,0.0233291428919591,0.6521720049843316,309.7181358787198,49.456244762010286,49,9.428571428571429,0.2594048287478944,0,0
C:\Users\shiva\OneDrive\Desktop\MASK-R-CNN-Vision-Biology-Lab\image and seg data\C1-C30000.png_cell_114,114,644.0,137.84062043356596,0.930635838150289,0.6110056925996205,28.09006211180124,79.0,0.0,0.9674319658872168,60.25876107585427,15.253370950268208,0.0473042366041099,0.4259330036220382,13.732062065384453,330.1896551724138,0.0867723199984071,0.0423380315786506,0.1125127569130223,322.7375776397516,62.44714635480765,24,10.083333333333334,0.3757763975155279,1,0
C:\Users\shiva\OneDrive\Desktop\MASK-R-CNN-Vision-Biology-Lab\image and seg data\C1-C30000.png_cell_115,115,2536.0,192.89444430272832,0.97239263803681,0.7052280311457174,58.65654574132492,246.0,0.0,0.6127554986437073,64.29127340268465,50.80762839564442,-0.9437430719495482,0.8564848285973992,35.49753318916748,630.2405984634047,0.0569494088109685,0.0228046590531233,0.7493833698005486,317.25354889589903,50.63002194260419,39,7.666666666666667,0.1179022082018927,0,0
C:\Users\shiva\OneDrive\Desktop\MASK-R-CNN-Vision-Biology-Lab\image and seg data\C1-C30000.png_cell_116,116,2243.0,174.95331880577402,0.9833406400701448,0.8138606676342526,91.97503343736068,255.0,0.0,0.4049060790417791,55.92944366988011,51.13955000558512,0.7813178023175827,0.9208624560664,47.83778971457571,934.1082686158064,0.049773363586119,0.0202942405493295,0.7962114839746829,320.5028979045921,56.86042458960185,66,8.227272727272727,0.2420864913062862,0,0
C:\Users\shiva\OneDrive\Desktop\MASK-R-CNN-Vision-Biology-Lab\image and seg data\C1-C30000.png_cell_117,117,1088.0,139.63961030678928,0.903654485049834,0.6430260047281324,87.01011029411765,255.0,4.0,0.7685614978984171,48.3767976172194,30.9503100561329,1.2887503127730682,0.7011670564712691,52.400859550254346,835.4138915318742,0.0545438645125289,0.026598783536621,0.8483035579329316,312.5836397058824,51.28770186759216,12,12.083333333333334,0.1332720588235294,1,0
C:\Users\shiva\OneDrive\Desktop\MASK-R-CNN-Vision-Biology-Lab\image and seg data\C1-C30000.png_cell_118,118,2321.0,182.2670273047588,0.9764408918805216,0.7695623342175066,100.3649289099526,255.0,2.0,0.5431669947463904,59.59739630798027,50.0394452494359,-0.3895006396623869,0.8779479791399069,55.638620955601816,1063.0671674768007,0.0634547534435958,0.026662198887917,0.827513324646827,322.0611805256355,54.618966678388446,42,12.095238095238097,0.2188711762171477,0,0
C:\Users\shiva\OneDrive\Desktop\MASK-R-CNN-Vision-Biology-Lab\image and seg data\C1-C30000.png_cell_119,119,1403.0,146.8528137423857,0.947972972972973,0.6633569739952718,51.94226657163222,145.0,1.0,0.6965675871450678,50.62420472081581,36.32242049321918,-0.6292001837652219,0.8175286678140893,26.50437804032691,576.5162241887905,0.0587228691934457,0.0262913620501119,0.5829756732456081,316.77191732002854,48.79732903292906,21,23.904761904761905,0.3578047042052744,4,0
C:\Users\shiva\OneDrive\Desktop\MASK-R-CNN-Vision-Biology-Lab\image and seg data\C1-C30000.png_cell_120,120,1324.0,135.53910524340094,0.9778434268833088,0.738015607580825,30.66842900302115,146.0,0.0,0.5213607580455112,44.53774676126869,38.00567913894356,-1.542765131450497,0.9056671603998058,22.981232332621463,337.10530482977043,0.0862565123723396,0.0337964306736548,0.6776900352744908,317.8172205438066,51.01960834114789,35,9.085714285714284,0.2401812688821752,4,0
C:\Users\shiva\OneDrive\Desktop\MASK-R-CNN-Vision-Biology-Lab\image and seg data\C1-C30000.png_cell_121,121,2415.0,189.78174593052023,0.973397823458283,0.7835820895522388,57.40579710144928,241.0,0.0,0.7320202491798451,67.47713599158452,45.97101715670045,0.2268644926694407,0.8425935372540388,40.07714258399621,611.8940170940172,0.0580572082041162,0.0229200906931416,0.8100427077779515,332.45383022774325,50.5892812931563,37,9.324324324324325,0.1428571428571428,0,0
C:\Users\shiva\OneDrive\Desktop\MASK-R-CNN-Vision-Biology-Lab\image and seg data\C1-C30000.png_cell_122,122,921.0,117.81118318204308,0.940755873340143,0.7321144674085851,16.14332247557003,63.0,0.0,0.4621871631813515,36.54421590449057,32.40676751146513,0.2492251894414181,0.8338663698441909,10.38159449557737,177.3782816229117,0.1071564960910222,0.0506984386306634,0.1444369851874785,320.8121606948969,60.45823208335512,45,5.511111111111111,0.2692725298588491,4,0
C:\Users\shiva\OneDrive\Desktop\MASK-R-CNN-Vision-Biology-Lab\image and seg data\C1-C30000.png_cell_123,123,2041.0,172.40916292848976,0.975621414913958,0.6885964912280702,80.91033806957374,255.0,4.0,0.7091356917076795,60.80848108694289,42.87435934167732,-0.9185772448015872,0.8628437986838554,32.543361130695565,867.2875816993466,0.0401943077268035,0.0216159807206693,0.5796260974761785,328.8652621264086,52.685661242929385,58,11.758620689655173,0.3341499265066144,0,0
C:\Users\shiva\OneDrive\Desktop\MASK-R-CNN-Vision-Biology-Lab\image and seg data\C1-C30000.png_cell_124,124,2338.0,182.8528137423857,0.9774247491638796,0.7695852534562212,105.90290846877672,255.0,15.0,0.6495959682272854,62.70487808873835,47.673239956586606,0.1198170825224328,0.8787211417922469,52.72129603583554,1020.5101054481544,0.0704834746840714,0.0360281195079086,0.8165122051893694,337.4623609923011,53.90526842701896,30,13.4,0.1719418306244653,0,0
C:\Users\shiva\OneDrive\Desktop\MASK-R-CNN-Vision-Biology-Lab\image and seg data\C1-C30000.png_cell_125,125,1848.0,160.36753236814712,0.980371352785146,0.7857142857142857,48.84199134199134,161.0,0.0,0.6680676010536445,56.37271883510429,41.94697305661593,0.1286512845853754,0.9029816766581356,28.38651611827803,494.14205816554806,0.0610766673837628,0.024955605724075,0.6877096822807377,339.5221861471861,56.38687284427177,27,24.666666666666668,0.3603896103896103,0,0
C:\Users\shiva\OneDrive\Desktop\MASK-R-CNN-Vision-Biology-Lab\image and seg data\C1-C30000.png_cell_126,126,910.0,119.49747468305831,0.974304068522484,0.774468085106383,32.33076923076923,135.0,0.0,0.8377820593448239,46.366046732741125,25.316083199155614,-0.0372750684327226,0.800817954043933,17.2388342095047,333.6689895470383,0.0693552885784223,0.0356469436776371,0.4342584681137695,343.2604395604396,49.27902777521035,27,13.296296296296296,0.3945054945054945,4,0
C:\Users\shiva\OneDrive\Desktop\MASK-R-CNN-Vision-Biology-Lab\image and seg data\C1-C30000.png_cell_127,127,2208.0,203.1959594928933,0.9093904448105437,0.775008775008775,61.458786231884055,255.0,0.0,0.896427373857515,81.235119231383,36.00264631699703,0.0061950260750769,0.6720147375132014,38.08851158116835,652.3378823529413,0.0540735680100654,0.0226933827222202,0.7678423918508278,358.4923007246377,54.44815614640056,50,6.46,0.1462862318840579,1,0
C:\Users\shiva\OneDrive\Desktop\MASK-R-CNN-Vision-Biology-Lab\image and seg data\C1-C30000.png_cell_128,128,915.0,120.53910524340094,0.9261133603238868,0.6079734219269103,43.033879781420765,143.0,0.0,0.7519443334785895,42.87709768357264,28.26572362306157,1.0385175836284497,0.7913617066828988,24.362201972467435,421.1374570446735,0.0626968520277042,0.0322059929427481,0.6294620545866624,344.6327868852459,48.56711395832849,19,17.894736842105264,0.3715846994535519,1,0
C:\Users\shiva\OneDrive\Desktop\MASK-R-CNN-Vision-Biology-Lab\image and seg data\C1-C30000.png_cell_129,129,1447.0,148.95331880577402,0.9678929765886288,0.6851325757575758,39.98686938493434,143.0,0.0,0.7287223041697373,52.13767951406232,35.704368802885966,0.6433257192951279,0.8195548541622949,24.762712880819592,405.5449275362318,0.0635461217514946,0.0283119197037482,0.6645487116237244,349.88458880442295,49.088159940601,20,26.75,0.3697304768486524,4,0
C:\Users\shiva\OneDrive\Desktop\MASK-R-CNN-Vision-Biology-Lab\image and seg data\C1-C30000.png_cell_130,130,1815.0,177.6812408671319,0.971107544141252,0.6547619047619048,31.531129476584024,158.0,0.0,0.8668304243788886,69.16556575784536,34.48616300605797,-0.3681903299208673,0.7224425823909729,24.630648908756573,340.77882909521,0.0823207015822887,0.0325573734086358,0.720917268018839,357.9818181818182,51.4732474062656,33,12.545454545454543,0.228099173553719,1,0
C:\Users\shiva\OneDrive\Desktop\MASK-R-CNN-Vision-Biology-Lab\image and seg data\C1-C30000.png_cell_131,131,1478.0,145.88225099390854,0.9717291255752796,0.7510162601626016,34.68403247631935,160.0,0.0,0.6922417605803899,51.143377129349886,36.90841972238986,1.0489308536252215,0.8727289573203514,23.356469276872502,333.89602233077454,0.0835834845482917,0.0323874428077384,0.6966768073678145,352.2259810554804,73.76286569323534,36,10.333333333333334,0.2516914749661705,4,0
C:\Users\shiva\OneDrive\Desktop\MASK-R-CNN-Vision-Biology-Lab\image and seg data\C1-C30000.png_cell_132,132,2384.0,190.48023074035524,0.9651821862348178,0.6713601802309209,39.64555369127517,249.0,0.0,0.679494995356627,64.71411999615285,47.47946477112265,0.4987919410837213,0.8256886183260039,31.938368008332983,424.1193058568329,0.0798677126519628,0.0280086982933951,0.794127280345382,366.8271812080537,51.55280484838005,13,12.615384615384617,0.0687919463087248,0,0
C:\Users\shiva\OneDrive\Desktop\MASK-R-CNN-Vision-Biology-Lab\image and seg data\C1-C30000.png_cell_133,133,372.0,75.76955262170047,0.9370277078085644,0.6642857142857143,45.74731182795699,130.0,5.0,0.7065048957431637,26.295215895344104,18.60933871988506,1.2624580014885098,0.8142604819622606,21.2828018377293,499.9204545454545,0.0666138324580229,0.0447386811023398,0.4332239812512518,342.3333333333333,62.86656137067352,12,10.583333333333334,0.3413978494623655,4,0
C:\Users\shiva\OneDrive\Desktop\MASK-R-CNN-Vision-Biology-Lab\image and seg data\C1-C30000.png_cell_134,134,2438.0,184.2670273047588,0.9775461106655974,0.7776714513556618,24.12797374897457,131.0,0.0,0.3423082142933744,57.79119457284301,54.29989683249773,0.2232547834646616,0.9022944915826558,21.937360225491343,257.2246503496503,0.0980204059149936,0.0385334872175627,0.7369124527584242,368.28835110746513,59.34794104465296,22,20.181818181818183,0.1821164889253486,0,0
C:\Users\shiva\OneDrive\Desktop\MASK-R-CNN-Vision-Biology-Lab\image and seg data\C1-C30000.png_cell_135,135,1780.0,164.16042558696057,0.9642470205850489,0.7355371900826446,91.85280898876404,255.0,11.0,0.6404367638873832,54.51971020017983,41.87173201599046,-0.0277951343099463,0.8300283528381343,41.259737944582845,994.389211136891,0.0409167635907784,0.0218193072781949,0.7032374355410286,366.823595505618,43.9008882132125,58,8.206896551724139,0.2674157303370786,0,0
C:\Users\shiva\OneDrive\Desktop\MASK-R-CNN-Vision-Biology-Lab\image and seg data\C1-C30000.png_cell_136,136,1281.0,150.22539674441617,0.9488888888888888,0.7023026315789473,19.23575331772053,79.0,0.0,0.8595870540996066,57.60715583331229,29.43664202168532,-0.2153658161944144,0.7133000828345466,14.60205418210994,215.87102321582108,0.1088098540516201,0.0447821725193457,0.4988366929170808,369.39578454332553,61.58205119388775,52,5.25,0.2131147540983606,4,0
C:\Users\shiva\OneDrive\Desktop\MASK-R-CNN-Vision-Biology-Lab\image and seg data\C1-C30000.png_cell_137,137,1575.0,153.78174593052023,0.9686346863468634,0.7159090909090909,29.189206349206348,109.0,0.0,0.7158528107675081,53.88521831044879,37.625418926892216,0.0790474377619417,0.8369140284299108,17.56933866925219,296.045545880777,0.0880446932989427,0.032928998133374,0.511589255234662,372.3568253968254,68.92597860327123,42,13.666666666666666,0.3644444444444444,4,0
C:\Users\shiva\OneDrive\Desktop\MASK-R-CNN-Vision-Biology-Lab\image and seg data\C1-C30000.png_cell_138,138,2574.0,192.2670273047588,0.9772209567198178,0.7688172043010753,60.08818958818959,255.0,0.0,0.5459167211450868,62.89144756772082,52.69293544943206,-0.3803343773111458,0.8750014714989571,53.37610093583516,659.6414868105513,0.056951733600249,0.0236622863559003,0.8853455309272239,379.8850038850039,66.27708238255752,6,43.0,0.1002331002331002,0,0
C:\Users\shiva\OneDrive\Desktop\MASK-R-CNN-Vision-Biology-Lab\image and seg data\C1-C30000.png_cell_139,139,2302.0,178.50966799187808,0.9833404527979496,0.7619993379675604,48.511294526498695,229.0,0.0,0.4911007695210422,58.27257254414397,50.76139930050482,-1.0425065607327555,0.9078031780917132,28.70186792813305,515.0326621923938,0.0614363471185248,0.0241030042078847,0.6852592413342037,380.11424847958295,64.5711266063366,33,20.57575757575757,0.2949609035621199,0,0
C:\Users\shiva\OneDrive\Desktop\MASK-R-CNN-Vision-Biology-Lab\image and seg data\C1-C30000.png_cell_140,140,2059.0,173.6812408671319,0.9572291957229196,0.7194269741439553,30.711996114618746,166.0,0.0,0.4373904972853177,54.425318960813335,48.94314796905261,0.8871064629154988,0.8577493232631306,22.76177079365593,327.83679675620886,0.0853024934454515,0.0315588242798947,0.6836857095834931,389.8499271491015,58.3099539050865,49,10.0,0.2379796017484215,0,0
C:\Users\shiva\OneDrive\Desktop\MASK-R-CNN-Vision-Biology-Lab\image and seg data\C1-C30000.png_cell_141,141,743.0,104.08326112068522,0.9712418300653596,0.7320197044334975,42.869448183041726,114.0,0.0,0.7675783717934687,38.58534875979517,24.73147616132926,0.4959142769528877,0.8618603388034348,22.262061363277557,456.5985815602837,0.064509779735818,0.0344391788430609,0.5263545249338863,384.18169582772543,54.44550464289644,10,33.3,0.4481830417227456,4,0
C:\Users\shiva\OneDrive\Desktop\MASK-R-CNN-Vision-Biology-Lab\image and seg data\C1-C30000.png_cell_142,142,605.0,106.46803743153546,0.859375,0.5109797297297297,38.63636363636363,126.0,1.0,0.865588420370394,40.5424106094816,20.30186002187946,-0.610520449504955,0.6706975832669989,22.34958908417345,384.79577464788736,0.0627078600598428,0.0377188121225854,0.5993545257742168,386.9917355371901,44.81645744253628,19,10.263157894736842,0.3223140495867768,1,0
C:\Users\shiva\OneDrive\Desktop\MASK-R-CNN-Vision-Biology-Lab\image and seg data\C1-C30000.png_cell_143,143,1686.0,154.2670273047588,0.9751301330248698,0.7330434782608696,26.223606168446025,94.0,0.0,0.5414872078805403,50.65423928412423,42.5854742825493,-0.4627907781759254,0.8902689211673052,15.200336757103672,271.046439628483,0.0874997366421012,0.0350488463110462,0.4076397818129864,392.4092526690391,67.97474052410459,49,11.26530612244898,0.3274021352313167,4,0
C:\Users\shiva\OneDrive\Desktop\MASK-R-CNN-Vision-Biology-Lab\image and seg data\C1-C30000.png_cell_144,144,2103.0,174.2670273047588,0.9727104532839964,0.7353146853146854,12.757964812173086,61.0,0.0,0.6498952832442785,59.77490057680253,45.43034488868616,-0.9782770381524604,0.8701992222901332,10.203255428803567,123.54421397379916,0.1376268237024948,0.0619643673160625,0.4011505496882892,395.7475035663338,68.27862305409141,103,6.252427184466019,0.306229196386115,4,0
C:\Users\shiva\OneDrive\Desktop\MASK-R-CNN-Vision-Biology-Lab\image and seg data\C1-C30000.png_cell_145,145,2924.0,199.3380951166243,0.9845117845117846,0.7993439037725533,66.90834473324213,241.0,0.0,0.3150905035125316,62.69582065649293,59.502197649262094,0.1387903724404944,0.924712279314528,35.22703109396409,691.2237762237763,0.0511611076664029,0.019896303133506,0.7195856918812722,403.4705882352941,67.29509152421738,53,18.62264150943396,0.3375512995896033,0,0
C:\Users\shiva\OneDrive\Desktop\MASK-R-CNN-Vision-Biology-Lab\image and seg data\C1-C30000.png_cell_146,146,1097.0,144.5685424949238,0.9673721340388008,0.6754926108374384,13.744758432087512,96.0,0.0,0.8445236201223858,53.43343759282096,28.61458393328889,0.150382471209149,0.6595821384816813,13.571060567376945,133.43124312431243,0.1418419938977682,0.0610784010670684,0.6316501710325442,406.43299908842295,76.03150567496,20,4.2,0.0765724703737465,4,0
C:\Users\shiva\OneDrive\Desktop\MASK-R-CNN-Vision-Biology-Lab\image and seg data\C1-C30000.png_cell_147,147,1113.0,135.29646455628165,0.9712041884816754,0.6745454545454546,46.98382749326146,155.0,2.0,0.8028338767471567,50.23530381462047,29.95042827153586,0.3633645932380198,0.7640682123526741,20.221098392793408,464.8579492003763,0.0526969474500877,0.0310370868980689,0.4207179018816081,406.30907457322553,61.659229828244655,31,14.258064516129032,0.3971248876909254,4,0
C:\Users\shiva\OneDrive\Desktop\MASK-R-CNN-Vision-Biology-Lab\image and seg data\C1-C30000.png_cell_148,148,2431.0,189.09545442950497,0.9786634460547504,0.7606382978723404,39.963800904977376,136.0,0.0,0.7443667372689233,68.27275981918999,45.5905717557928,0.1845123074959593,0.8543437457198889,27.82582908902859,425.7118130679359,0.0805615203829297,0.0260599652529875,0.7217477661292243,427.56931303990126,63.42718651994376,23,41.91304347826087,0.3965446318387495,0,0
C:\Users\shiva\OneDrive\Desktop\MASK-R-CNN-Vision-Biology-Lab\image and seg data\C1-C30000.png_cell_149,149,1535.0,171.09545442950497,0.904004711425206,0.5912942989214176,4.291205211726385,26.0,0.0,0.8432734347920577,62.965931099330426,33.84323111469506,1.143200132616386,0.6589330647329981,4.7854850618413165,42.3303457106274,0.2252567832762793,0.1289532163758862,0.0741774351793398,672.7276872964169,267.2188345915614,91,3.945054945054945,0.2338762214983713,2,2
C:\Users\shiva\OneDrive\Desktop\MASK-R-CNN-Vision-Biology-Lab\image and seg data\C1-C30000.png_cell_150,150,1366.0,136.81118318204307,0.977110157367668,0.796037296037296,9.010980966325036,53.0,0.0,0.4479081206968759,44.20893479228085,39.526306346802045,-0.0926861291946571,0.9171014196804346,7.806444914314285,100.46889507892296,0.1419313521327815,0.0726284505223367,0.1532546915036787,841.5592972181552,84.93212136554779,66,4.9393939393939394,0.2386530014641288,4,0
C:\Users\shiva\OneDrive\Desktop\MASK-R-CNN-Vision-Biology-Lab\image and seg data\C1-C30000.png_cell_151,151,3747.0,231.48023074035524,0.982175622542595,0.780625,12.872965038697624,109.0,0.0,0.5338447844424865,75.46898902400329,63.81525559997842,0.027838826526308,0.8787508212805992,13.845187843075298,148.1953342618384,0.1358625980633847,0.057476570770104,0.6346072284069963,862.6962903656258,200.35593854066843,93,5.344086021505376,0.1326394448892447,2,1
C:\Users\shiva\OneDrive\Desktop\MASK-R-CNN-Vision-Biology-Lab\image and seg data\C1-C30000.png_cell_152,152,3701.0,236.06601717798213,0.9811770943796394,0.7638802889576883,5.249932450689003,60.0,0.0,0.7502658931221813,84.61236914546367,55.94030114838086,1.4884190994078057,0.8345685284577655,7.092620969652926,63.26488939307999,0.2105797025871991,0.106588885269235,0.529696907332491,854.2434477168333,164.96534553533797,103,3.5242718446601944,0.0980815995676844,2,1
C:\Users\shiva\OneDrive\Desktop\MASK-R-CNN-Vision-Biology-Lab\image and seg data\C1-C30000.png_cell_153,153,2650.0,192.65180361560903,0.9807549962990376,0.7632488479262672,3.931320754716981,35.0,0.0,0.495085345705515,62.37154119673577,54.19116102387508,-1.131635322667615,0.897241968369119,4.7013245976626745,44.3423645320197,0.2287808298354986,0.126967463706725,0.0445120484430623,860.0803773584905,97.59210941222337,152,3.664473684210526,0.210188679245283,2,3
C:\Users\shiva\OneDrive\Desktop\MASK-R-CNN-Vision-Biology-Lab\image and seg data\C1-C30000.png_cell_154,154,3775.0,237.58073580374355,0.9741935483870968,0.7641700404858299,1.6680794701986754,26.0,0.0,0.6354017292104818,79.12199329080654,61.09655860151658,1.1469240718182456,0.840435471339006,2.9353792392896527,22.909395973154364,0.3188433449089561,0.1872365948553932,0.0610330848662623,871.0243708609272,132.7517690327828,168,1.4583333333333333,0.0649006622516556,2,2
C:\Users\shiva\OneDrive\Desktop\MASK-R-CNN-Vision-Biology-Lab\image and seg data\C1-C30000.png_cell_155,155,2473.0,186.16652224137044,0.9821286735504368,0.7493939393939394,2.020622725434695,25.0,0.0,0.6336742567144462,63.92822194518678,49.4548715207422,0.969983749537214,0.8966662196185997,3.033306702520857,21.39488117001828,0.297274111988672,0.1834723113754205,0.0297617888340794,866.0562070359887,170.4424016447795,124,1.6209677419354838,0.0812778002426203,2,2
C:\Users\shiva\OneDrive\Desktop\MASK-R-CNN-Vision-Biology-Lab\image and seg data\C1-C30000.png_cell_156,156,1261.0,134.29646455628165,0.9662835249042144,0.7505952380952381,3.950039651070579,27.0,0.0,0.5544709429896434,43.94293856163276,36.56944900054598,1.0011553324387874,0.8786092903242096,4.417887052599929,36.45172413793104,0.235195625311791,0.1341175412213407,-0.037262532896718,863.8160190325139,119.43613943103892,95,2.789473684210526,0.2101506740681998,2,4
C:\Users\shiva\OneDrive\Desktop\MASK-R-CNN-Vision-Biology-Lab\image and seg data\C1-C30000.png_cell_157,157,2621.0,192.4030662740799,0.9725417439703156,0.7932808716707022,1.6783670354826403,23.0,0.0,0.2912269235843753,59.2317161236095,56.66425825754864,-1.5243769420515805,0.8897190859280703,2.791759239825702,19.50559284116331,0.3241882732284349,0.2047499353404071,0.008861996106291,880.8801983975582,132.63130411286147,118,1.3983050847457628,0.0629530713468141,2,3
C:\Users\shiva\OneDrive\Desktop\MASK-R-CNN-Vision-Biology-Lab\image and seg data\C1-C30000.png_cell_158,158,1183.0,153.39696961967,0.9464,0.8215277777777777,1.2603550295857988,15.0,0.0,0.9157804672853912,61.79318988253986,24.82103569504184,-0.0204379686922965,0.6317729807710922,2.2714760080591083,12.014388489208631,0.3552550017027177,0.2170826801383397,0.0363411434549409,885.3212172442942,215.1551556286595,52,1.2884615384615383,0.0566356720202874,2,2
C:\Users\shiva\OneDrive\Desktop\MASK-R-CNN-Vision-Biology-Lab\image and seg data\C1-C30000.png_cell_159,159,3556.0,226.99494936611663,0.9769230769230768,0.7827426810477658,0.9893138357705288,17.0,0.0,0.6035038243466233,75.42639727981685,60.14199991070917,-1.499765132591426,0.8672398543136832,2.1218236318504924,16.58052434456929,0.3676250135252134,0.2329033979182285,0.0468595592121894,887.6296400449944,160.0335923394412,127,1.188976377952756,0.0424634420697412,2,3
C:\Users\shiva\OneDrive\Desktop\MASK-R-CNN-Vision-Biology-Lab\image and seg data\C1-C30000.png_cell_160,160,858.0,111.39696961967,0.9629629629629628,0.7096774193548387,4.103729603729604,30.0,0.0,0.7507770221161422,40.79996450411244,26.950650047508343,1.0913246288490384,0.8688611894843844,4.789967184006123,47.90441176470588,0.2303198610642759,0.1348707499235059,-0.0095318213194152,885.6130536130536,90.95177608210696,63,3.0,0.2202797202797203,2,4
C:\Users\shiva\OneDrive\Desktop\MASK-R-CNN-Vision-Biology-Lab\image and seg data\C1-C30000.png_cell_161,161,1385.0,138.95331880577402,0.9753521126760564,0.7328042328042328,35.07509025270758,231.0,0.0,0.6290813624251874,47.66577617796104,37.052488818169245,0.7143435618450656,0.9014087911494828,40.46939558212438,553.145038167939,0.0867469909770171,0.0375647368749424,0.8395568150257235,895.1393501805054,83.58252078505905,6,47.0,0.2036101083032491,0,0
